Census Block Group,Top1_Offense,Top1_Probability,Top2_Offense,Top2_Probability,Top3_Offense,Top3_Probability
4530341003.0,FAMILY DISTURBANCE,1.0,WARRANT ARREST NON TRAFFIC,0.0,CUSTODY ARREST TRAFFIC WARR,0.0
4530024101.0,THEFT,0.72,BURGLARY NON RESIDENCE,0.26,HARASSMENT,0.02
4530011022.0,THEFT,1.0,WARRANT ARREST NON TRAFFIC,0.0,CUSTODY ARREST TRAFFIC WARR,0.0
4530011032.0,PUBLIC INTOXICATION,0.48,BURGLARY OF VEHICLE,0.42,DWI,0.1
4530325002.0,DWI,0.98,BURGLARY OF VEHICLE,0.02,WARRANT ARREST NON TRAFFIC,0.0
4530454003.0,DWI,1.0,WARRANT ARREST NON TRAFFIC,0.0,CUSTODY ARREST TRAFFIC WARR,0.0
4530433001.0,DWI,0.6,CUSTODY ARREST TRAFFIC WARR,0.32,POSS OF DRUG PARAPHERNALIA,0.08
4530021092.0,FAMILY DISTURBANCE,1.0,WARRANT ARREST NON TRAFFIC,0.0,CUSTODY ARREST TRAFFIC WARR,0.0
4530024031.0,FAMILY DISTURBANCE,0.98,BURGLARY OF RESIDENCE,0.02,WARRANT ARREST NON TRAFFIC,0.0
4530023102.0,FAMILY DISTURBANCE,1.0,WARRANT ARREST NON TRAFFIC,0.0,CUSTODY ARREST TRAFFIC WARR,0.0
4530024233.0,FAMILY DISTURBANCE,1.0,WARRANT ARREST NON TRAFFIC,0.0,CUSTODY ARREST TRAFFIC WARR,0.0
4530011011.0,PUBLIC INTOXICATION,0.76,CUSTODY ARREST TRAFFIC WARR,0.16,DWI,0.06
4530021051.0,PUBLIC INTOXICATION,0.56,BURGLARY OF VEHICLE,0.28,DWI,0.12
4530416001.0,FAMILY DISTURBANCE,0.72,BURGLARY OF VEHICLE,0.28,WARRANT ARREST NON TRAFFIC,0.0
4530022011.0,FAMILY DISTURBANCE,1.0,WARRANT ARREST NON TRAFFIC,0.0,CUSTODY ARREST TRAFFIC WARR,0.0
4530309001.0,BURGLARY OF VEHICLE,0.72,DWI,0.28,WARRANT ARREST NON TRAFFIC,0.0
4530023253.0,BURGLARY OF VEHICLE,1.0,WARRANT ARREST NON TRAFFIC,0.0,THEFT BY SHOPLIFTING,0.0
4910204062.0,FAMILY DISTURBANCE,0.5,THEFT,0.36,ASSAULT W/INJURY-FAM/DATE VIOL,0.1
4530012002.0,DWI,0.92,PUBLIC INTOXICATION,0.08,WARRANT ARREST NON TRAFFIC,0.0
4530321003.0,FAMILY DISTURBANCE,0.92,BURGLARY OF VEHICLE,0.08,WARRANT ARREST NON TRAFFIC,0.0
4530002051.0,FAMILY DISTURBANCE,0.7,BURGLARY OF VEHICLE,0.3,WARRANT ARREST NON TRAFFIC,0.0
4530309004.0,FAMILY DISTURBANCE,1.0,WARRANT ARREST NON TRAFFIC,0.0,CUSTODY ARREST TRAFFIC WARR,0.0
4530003023.0,BURGLARY OF VEHICLE,0.8,CRIMINAL MISCHIEF,0.12,BURGLARY OF RESIDENCE,0.04
4530014012.0,DWI,0.82,BURGLARY OF VEHICLE,0.18,WARRANT ARREST NON TRAFFIC,0.0
4530006012.0,BURGLARY OF VEHICLE,1.0,WARRANT ARREST NON TRAFFIC,0.0,THEFT BY SHOPLIFTING,0.0
4530011012.0,DWI,0.62,PUBLIC INTOXICATION,0.36,CUSTODY ARREST TRAFFIC WARR,0.02
4530024471.0,FAMILY DISTURBANCE,1.0,WARRANT ARREST NON TRAFFIC,0.0,CUSTODY ARREST TRAFFIC WARR,0.0
4530023143.0,FAMILY DISTURBANCE,1.0,WARRANT ARREST NON TRAFFIC,0.0,CUSTODY ARREST TRAFFIC WARR,0.0
4530023161.0,BURGLARY OF VEHICLE,1.0,WARRANT ARREST NON TRAFFIC,0.0,THEFT BY SHOPLIFTING,0.0
4530408001.0,CUSTODY ARREST TRAFFIC WARR,0.82,DWI,0.14,BURGLARY OF VEHICLE,0.04
4530014032.0,THEFT,1.0,WARRANT ARREST NON TRAFFIC,0.0,CUSTODY ARREST TRAFFIC WARR,0.0
4530021093.0,FAMILY DISTURBANCE,1.0,WARRANT ARREST NON TRAFFIC,0.0,CUSTODY ARREST TRAFFIC WARR,0.0
4530004011.0,DWI,0.76,BURGLARY OF VEHICLE,0.24,WARRANT ARREST NON TRAFFIC,0.0
4530008022.0,FAMILY DISTURBANCE,1.0,WARRANT ARREST NON TRAFFIC,0.0,CUSTODY ARREST TRAFFIC WARR,0.0
4530020022.0,FAMILY DISTURBANCE,1.0,WARRANT ARREST NON TRAFFIC,0.0,CUSTODY ARREST TRAFFIC WARR,0.0
4530024433.0,FAMILY DISTURBANCE,0.88,BURGLARY OF VEHICLE,0.12,WARRANT ARREST NON TRAFFIC,0.0
4530319003.0,BURGLARY OF VEHICLE,0.66,DWI,0.34,WARRANT ARREST NON TRAFFIC,0.0
4530023043.0,FAMILY DISTURBANCE,0.74,BURGLARY OF VEHICLE,0.26,WARRANT ARREST NON TRAFFIC,0.0
4530022222.0,FAMILY DISTURBANCE,0.9,ASSAULT W/INJURY-FAM/DATE VIOL,0.1,CUSTODY ARREST TRAFFIC WARR,0.0
4530024123.0,FAMILY DISTURBANCE,1.0,WARRANT ARREST NON TRAFFIC,0.0,CUSTODY ARREST TRAFFIC WARR,0.0
4530419001.0,DWI,0.74,BURGLARY OF VEHICLE,0.26,WARRANT ARREST NON TRAFFIC,0.0
4530020062.0,BURGLARY OF VEHICLE,1.0,WARRANT ARREST NON TRAFFIC,0.0,THEFT BY SHOPLIFTING,0.0
4530006051.0,BURGLARY OF VEHICLE,0.64,THEFT,0.36,WARRANT ARREST NON TRAFFIC,0.0
4910204063.0,FAMILY DISTURBANCE,1.0,WARRANT ARREST NON TRAFFIC,0.0,CUSTODY ARREST TRAFFIC WARR,0.0
4910204054.0,FAMILY DISTURBANCE,1.0,WARRANT ARREST NON TRAFFIC,0.0,CUSTODY ARREST TRAFFIC WARR,0.0
4530368002.0,BURGLARY OF VEHICLE,0.92,FAMILY DISTURBANCE,0.08,WARRANT ARREST NON TRAFFIC,0.0
4530020031.0,THEFT,0.94,BURGLARY NON RESIDENCE,0.06,WARRANT ARREST NON TRAFFIC,0.0
4530006082.0,PUBLIC INTOXICATION,0.64,WARRANT ARREST NON TRAFFIC,0.2,CRIMINAL MISCHIEF,0.08
4530009021.0,PUBLIC INTOXICATION,0.52,BURGLARY OF VEHICLE,0.4,DWI,0.08
4530008031.0,FAMILY DISTURBANCE,1.0,WARRANT ARREST NON TRAFFIC,0.0,CUSTODY ARREST TRAFFIC WARR,0.0
4530023132.0,BURGLARY OF VEHICLE,1.0,WARRANT ARREST NON TRAFFIC,0.0,THEFT BY SHOPLIFTING,0.0
4530006073.0,CRIMINAL MISCHIEF,0.84,WARRANT ARREST NON TRAFFIC,0.14,PUBLIC INTOXICATION,0.02
4530013111.0,THEFT,0.62,BURGLARY OF VEHICLE,0.22,DISTURBANCE - OTHER,0.16
4530348001.0,BURGLARY OF VEHICLE,0.78,FAMILY DISTURBANCE,0.22,WARRANT ARREST NON TRAFFIC,0.0
4530021072.0,FAMILY DISTURBANCE,0.94,BURGLARY OF RESIDENCE,0.06,WARRANT ARREST NON TRAFFIC,0.0
4530023241.0,BURGLARY OF VEHICLE,1.0,WARRANT ARREST NON TRAFFIC,0.0,THEFT BY SHOPLIFTING,0.0
4530015012.0,DWI,0.88,CRIMINAL MISCHIEF,0.12,WARRANT ARREST NON TRAFFIC,0.0
4530316002.0,FAMILY DISTURBANCE,0.74,CRIMINAL MISCHIEF,0.16,ASSAULT W/INJURY-FAM/DATE VIOL,0.08
4530005004.0,BURGLARY OF VEHICLE,0.96,PUBLIC INTOXICATION,0.02,DWI,0.02
4530438001.0,BURGLARY OF VEHICLE,1.0,WARRANT ARREST NON TRAFFIC,0.0,THEFT BY SHOPLIFTING,0.0
4530021074.0,FAMILY DISTURBANCE,1.0,WARRANT ARREST NON TRAFFIC,0.0,CUSTODY ARREST TRAFFIC WARR,0.0
4530009024.0,BURGLARY OF VEHICLE,1.0,WARRANT ARREST NON TRAFFIC,0.0,THEFT BY SHOPLIFTING,0.0
4530400001.0,BURGLARY OF VEHICLE,0.9,THEFT,0.08,POSS CONTROLLED SUB/NARCOTIC,0.02
4530409001.0,DWI,0.7,CUSTODY ARREST TRAFFIC WARR,0.24,BURGLARY OF VEHICLE,0.06
4530406002.0,DWI,0.96,CUSTODY ARREST TRAFFIC WARR,0.04,WARRANT ARREST NON TRAFFIC,0.0
4530024432.0,BURGLARY OF VEHICLE,1.0,WARRANT ARREST NON TRAFFIC,0.0,THEFT BY SHOPLIFTING,0.0
4530024231.0,FAMILY DISTURBANCE,1.0,WARRANT ARREST NON TRAFFIC,0.0,CUSTODY ARREST TRAFFIC WARR,0.0
4530008041.0,POSS OF DRUG PARAPHERNALIA,1.0,WARRANT ARREST NON TRAFFIC,0.0,CUSTODY ARREST TRAFFIC WARR,0.0
4530005002.0,BURGLARY OF VEHICLE,0.8,BURGLARY OF RESIDENCE,0.2,WARRANT ARREST NON TRAFFIC,0.0
4530021061.0,CUSTODY ARREST TRAFFIC WARR,0.78,DWI,0.22,WARRANT ARREST NON TRAFFIC,0.0
4530007001.0,DWI,0.42,PUBLIC INTOXICATION,0.4,CUSTODY ARREST TRAFFIC WARR,0.1
4530023152.0,FAMILY DISTURBANCE,0.96,BURGLARY OF VEHICLE,0.04,WARRANT ARREST NON TRAFFIC,0.0
4530302002.0,DWI,0.86,BURGLARY OF VEHICLE,0.14,WARRANT ARREST NON TRAFFIC,0.0
4530024191.0,FAMILY DISTURBANCE,1.0,WARRANT ARREST NON TRAFFIC,0.0,CUSTODY ARREST TRAFFIC WARR,0.0
4530013122.0,DWI,0.98,BURGLARY OF VEHICLE,0.02,WARRANT ARREST NON TRAFFIC,0.0
4530009023.0,FAMILY DISTURBANCE,1.0,WARRANT ARREST NON TRAFFIC,0.0,CUSTODY ARREST TRAFFIC WARR,0.0
4530417001.0,BURGLARY OF VEHICLE,0.76,DWI,0.24,WARRANT ARREST NON TRAFFIC,0.0
4530024121.0,POSSESSION OF MARIJUANA,0.88,DWI,0.12,WARRANT ARREST NON TRAFFIC,0.0
4539800001.0,THEFT,0.8,CRIMINAL MISCHIEF,0.2,WARRANT ARREST NON TRAFFIC,0.0
4530334001.0,FAMILY DISTURBANCE,0.78,BURGLARY OF VEHICLE,0.22,WARRANT ARREST NON TRAFFIC,0.0
4530008011.0,CRIMINAL TRESPASS,0.68,THEFT,0.32,WARRANT ARREST NON TRAFFIC,0.0
4530023242.0,BURGLARY OF VEHICLE,1.0,WARRANT ARREST NON TRAFFIC,0.0,THEFT BY SHOPLIFTING,0.0
4530009012.0,FAMILY DISTURBANCE,1.0,WARRANT ARREST NON TRAFFIC,0.0,CUSTODY ARREST TRAFFIC WARR,0.0
4530012005.0,DWI,0.92,BURGLARY OF VEHICLE,0.08,WARRANT ARREST NON TRAFFIC,0.0
4530406003.0,FAMILY DISTURBANCE,1.0,WARRANT ARREST NON TRAFFIC,0.0,CUSTODY ARREST TRAFFIC WARR,0.0
4530008042.0,THEFT,0.9,BURGLARY OF VEHICLE,0.1,WARRANT ARREST NON TRAFFIC,0.0
4530009022.0,THEFT,0.9,AUTO THEFT,0.1,WARRANT ARREST NON TRAFFIC,0.0
4530010003.0,FAMILY DISTURBANCE,1.0,WARRANT ARREST NON TRAFFIC,0.0,CUSTODY ARREST TRAFFIC WARR,0.0
4530008032.0,FAMILY DISTURBANCE,1.0,WARRANT ARREST NON TRAFFIC,0.0,CUSTODY ARREST TRAFFIC WARR,0.0
4530432003.0,BURGLARY OF VEHICLE,0.98,PUBLIC INTOXICATION,0.02,WARRANT ARREST NON TRAFFIC,0.0
4530006011.0,BURGLARY OF VEHICLE,1.0,WARRANT ARREST NON TRAFFIC,0.0,THEFT BY SHOPLIFTING,0.0
4530342004.0,FAMILY DISTURBANCE,0.96,CRIMINAL MISCHIEF,0.04,WARRANT ARREST NON TRAFFIC,0.0
4530324001.0,THEFT,0.86,BURGLARY NON RESIDENCE,0.14,WARRANT ARREST NON TRAFFIC,0.0
4530021054.0,DWI,0.58,CUSTODY ARREST TRAFFIC WARR,0.42,WARRANT ARREST NON TRAFFIC,0.0
4530013121.0,DWI,0.98,BURGLARY OF VEHICLE,0.02,WARRANT ARREST NON TRAFFIC,0.0
4530008023.0,FAMILY DISTURBANCE,1.0,WARRANT ARREST NON TRAFFIC,0.0,CUSTODY ARREST TRAFFIC WARR,0.0
4530308002.0,BURGLARY OF VEHICLE,1.0,WARRANT ARREST NON TRAFFIC,0.0,THEFT BY SHOPLIFTING,0.0
4530016043.0,CRIMINAL MISCHIEF,0.74,THEFT,0.24,BURGLARY OF VEHICLE,0.02
4530013082.0,THEFT BY SHOPLIFTING,0.66,BURGLARY NON RESIDENCE,0.22,THEFT,0.08
4530006081.0,BURGLARY OF VEHICLE,1.0,WARRANT ARREST NON TRAFFIC,0.0,THEFT BY SHOPLIFTING,0.0
4530402001.0,FAMILY DISTURBANCE,1.0,WARRANT ARREST NON TRAFFIC,0.0,CUSTODY ARREST TRAFFIC WARR,0.0
4530012004.0,DWI,1.0,WARRANT ARREST NON TRAFFIC,0.0,CUSTODY ARREST TRAFFIC WARR,0.0
4530327002.0,DWI,0.54,BURGLARY OF VEHICLE,0.46,WARRANT ARREST NON TRAFFIC,0.0
4530010001.0,FAMILY DISTURBANCE,1.0,WARRANT ARREST NON TRAFFIC,0.0,CUSTODY ARREST TRAFFIC WARR,0.0
4530021082.0,THEFT,0.72,CRIMINAL TRESPASS,0.28,WARRANT ARREST NON TRAFFIC,0.0
4530013071.0,DWI,0.98,BURGLARY OF VEHICLE,0.02,WARRANT ARREST NON TRAFFIC,0.0
4530023231.0,FAMILY DISTURBANCE,0.86,THEFT,0.14,WARRANT ARREST NON TRAFFIC,0.0
4530015034.0,THEFT,0.94,THEFT BY SHOPLIFTING,0.06,WARRANT ARREST NON TRAFFIC,0.0
4530410002.0,FAMILY DISTURBANCE,1.0,WARRANT ARREST NON TRAFFIC,0.0,CUSTODY ARREST TRAFFIC WARR,0.0
4530303001.0,CRIMINAL TRESPASS,0.64,ASSAULT WITH INJURY,0.2,BURGLARY NON RESIDENCE,0.14
4530407002.0,DWI,0.84,CUSTODY ARREST TRAFFIC WARR,0.12,PUBLIC INTOXICATION,0.04
4530013103.0,THEFT BY SHOPLIFTING,0.9,PUBLIC INTOXICATION,0.1,WARRANT ARREST NON TRAFFIC,0.0
4530022143.0,THEFT,0.68,PUBLIC INTOXICATION,0.3,BURGLARY OF VEHICLE,0.02
4530003071.0,THEFT,0.7,CRIMINAL TRESPASS,0.26,THEFT BY SHOPLIFTING,0.04
4530014013.0,DWI,0.92,BURGLARY OF VEHICLE,0.08,WARRANT ARREST NON TRAFFIC,0.0
4530013083.0,DWI,0.72,PUBLIC INTOXICATION,0.28,WARRANT ARREST NON TRAFFIC,0.0
4530023074.0,THEFT,0.72,BURGLARY NON RESIDENCE,0.26,AUTO THEFT,0.02
4530310003.0,BURGLARY OF VEHICLE,0.98,CRIMINAL MISCHIEF,0.02,WARRANT ARREST NON TRAFFIC,0.0
4530023071.0,DWI,1.0,WARRANT ARREST NON TRAFFIC,0.0,CUSTODY ARREST TRAFFIC WARR,0.0
4530403004.0,DWI,1.0,WARRANT ARREST NON TRAFFIC,0.0,CUSTODY ARREST TRAFFIC WARR,0.0
4530410001.0,FAMILY DISTURBANCE,1.0,WARRANT ARREST NON TRAFFIC,0.0,CUSTODY ARREST TRAFFIC WARR,0.0
4530002041.0,PUBLIC INTOXICATION,0.74,DWI,0.16,BURGLARY OF VEHICLE,0.1
4530024111.0,BURGLARY OF VEHICLE,0.84,ASSAULT WITH INJURY,0.1,FAMILY DISTURBANCE,0.06
4530309002.0,BURGLARY OF VEHICLE,1.0,WARRANT ARREST NON TRAFFIC,0.0,THEFT BY SHOPLIFTING,0.0
4530002063.0,FAMILY DISTURBANCE,0.66,BURGLARY OF RESIDENCE,0.32,BURGLARY OF VEHICLE,0.02
4530021113.0,FAMILY DISTURBANCE,1.0,WARRANT ARREST NON TRAFFIC,0.0,CUSTODY ARREST TRAFFIC WARR,0.0
4530329001.0,THEFT,1.0,WARRANT ARREST NON TRAFFIC,0.0,CUSTODY ARREST TRAFFIC WARR,0.0
4530024032.0,DWI,1.0,WARRANT ARREST NON TRAFFIC,0.0,CUSTODY ARREST TRAFFIC WARR,0.0
4530011021.0,DWI,0.92,PUBLIC INTOXICATION,0.08,WARRANT ARREST NON TRAFFIC,0.0
4530013073.0,FAMILY DISTURBANCE,0.78,BURGLARY OF RESIDENCE,0.22,WARRANT ARREST NON TRAFFIC,0.0
4530306002.0,BURGLARY OF VEHICLE,0.68,FAMILY DISTURBANCE,0.32,WARRANT ARREST NON TRAFFIC,0.0
4530004022.0,FAMILY DISTURBANCE,0.92,BURGLARY OF RESIDENCE,0.04,BURGLARY OF VEHICLE,0.04
4530435003.0,BURGLARY OF VEHICLE,1.0,WARRANT ARREST NON TRAFFIC,0.0,THEFT BY SHOPLIFTING,0.0
4530001021.0,BURGLARY OF VEHICLE,0.96,ASSAULT WITH INJURY,0.04,WARRANT ARREST NON TRAFFIC,0.0
4530023232.0,DWI,0.98,BURGLARY OF VEHICLE,0.02,WARRANT ARREST NON TRAFFIC,0.0
4530023041.0,DWI,0.7,POSSESSION OF MARIJUANA,0.3,WARRANT ARREST NON TRAFFIC,0.0
4530021071.0,FAMILY DISTURBANCE,0.74,BURGLARY OF RESIDENCE,0.26,WARRANT ARREST NON TRAFFIC,0.0
4530024431.0,BURGLARY OF VEHICLE,1.0,WARRANT ARREST NON TRAFFIC,0.0,THEFT BY SHOPLIFTING,0.0
4530024412.0,FAMILY DISTURBANCE,1.0,WARRANT ARREST NON TRAFFIC,0.0,CUSTODY ARREST TRAFFIC WARR,0.0
4530021111.0,CRIMINAL MISCHIEF,0.68,BURGLARY OF VEHICLE,0.32,WARRANT ARREST NON TRAFFIC,0.0
4530452002.0,BURGLARY OF VEHICLE,0.94,DWI,0.06,WARRANT ARREST NON TRAFFIC,0.0
4530334002.0,BURGLARY OF VEHICLE,1.0,WARRANT ARREST NON TRAFFIC,0.0,THEFT BY SHOPLIFTING,0.0
4530304001.0,BURGLARY OF VEHICLE,1.0,WARRANT ARREST NON TRAFFIC,0.0,THEFT BY SHOPLIFTING,0.0
4530433002.0,BURGLARY OF VEHICLE,1.0,WARRANT ARREST NON TRAFFIC,0.0,THEFT BY SHOPLIFTING,0.0
4530344001.0,FAMILY DISTURBANCE,0.96,CRIMINAL MISCHIEF,0.04,WARRANT ARREST NON TRAFFIC,0.0
4530404001.0,BURGLARY OF VEHICLE,1.0,WARRANT ARREST NON TRAFFIC,0.0,THEFT BY SHOPLIFTING,0.0
4530421001.0,DWI,1.0,WARRANT ARREST NON TRAFFIC,0.0,CUSTODY ARREST TRAFFIC WARR,0.0
4530015033.0,DWI,1.0,WARRANT ARREST NON TRAFFIC,0.0,CUSTODY ARREST TRAFFIC WARR,0.0
4530465002.0,BURGLARY OF VEHICLE,0.72,POSS CONTROLLED SUB/NARCOTIC,0.18,CRIMINAL MISCHIEF,0.1
4530022132.0,FAMILY DISTURBANCE,1.0,WARRANT ARREST NON TRAFFIC,0.0,CUSTODY ARREST TRAFFIC WARR,0.0
4530019111.0,BURGLARY OF VEHICLE,0.9,FAMILY DISTURBANCE,0.1,WARRANT ARREST NON TRAFFIC,0.0
4530412002.0,THEFT,0.98,ASSAULT W/INJURY-FAM/DATE VIOL,0.02,CUSTODY ARREST TRAFFIC WARR,0.0
4530431002.0,BURGLARY OF VEHICLE,0.94,PUBLIC INTOXICATION,0.06,WARRANT ARREST NON TRAFFIC,0.0
4530024131.0,POSSESSION OF MARIJUANA,0.98,DWI,0.02,WARRANT ARREST NON TRAFFIC,0.0
4530020021.0,BURGLARY OF VEHICLE,1.0,WARRANT ARREST NON TRAFFIC,0.0,THEFT BY SHOPLIFTING,0.0
4530006072.0,BURGLARY OF VEHICLE,1.0,WARRANT ARREST NON TRAFFIC,0.0,THEFT BY SHOPLIFTING,0.0
4530023042.0,BURGLARY OF VEHICLE,1.0,WARRANT ARREST NON TRAFFIC,0.0,THEFT BY SHOPLIFTING,0.0
4530420002.0,BURGLARY OF VEHICLE,0.68,FAMILY DISTURBANCE,0.32,WARRANT ARREST NON TRAFFIC,0.0
4530020032.0,BURGLARY OF VEHICLE,1.0,WARRANT ARREST NON TRAFFIC,0.0,THEFT BY SHOPLIFTING,0.0
4530023151.0,CUSTODY ARREST TRAFFIC WARR,0.68,DWI,0.26,POSSESSION OF MARIJUANA,0.06
4530003041.0,BURGLARY OF VEHICLE,1.0,WARRANT ARREST NON TRAFFIC,0.0,THEFT BY SHOPLIFTING,0.0
4530400002.0,DWI,0.94,POSS OF DRUG PARAPHERNALIA,0.06,WARRANT ARREST NON TRAFFIC,0.0
4530002054.0,THEFT,0.68,BURGLARY OF VEHICLE,0.18,BURGLARY NON RESIDENCE,0.14
4530335001.0,THEFT,0.94,POSSESSION OF MARIJUANA,0.04,AUTO THEFT,0.02
4530023233.0,FAMILY DISTURBANCE,1.0,WARRANT ARREST NON TRAFFIC,0.0,CUSTODY ARREST TRAFFIC WARR,0.0
4530318002.0,FAMILY DISTURBANCE,1.0,WARRANT ARREST NON TRAFFIC,0.0,CUSTODY ARREST TRAFFIC WARR,0.0
4530403003.0,DWI,1.0,WARRANT ARREST NON TRAFFIC,0.0,CUSTODY ARREST TRAFFIC WARR,0.0
4530002043.0,BURGLARY OF VEHICLE,1.0,WARRANT ARREST NON TRAFFIC,0.0,THEFT BY SHOPLIFTING,0.0
4530024442.0,FAMILY DISTURBANCE,0.78,BURGLARY OF VEHICLE,0.22,WARRANT ARREST NON TRAFFIC,0.0
4530400003.0,THEFT,0.68,BURGLARY OF VEHICLE,0.3,POSS CONTROLLED SUB/NARCOTIC,0.02
4530015031.0,DWI,0.92,CRIMINAL MISCHIEF,0.08,WARRANT ARREST NON TRAFFIC,0.0
4530023271.0,CUSTODY ARREST TRAFFIC WARR,0.58,DWI,0.42,WARRANT ARREST NON TRAFFIC,0.0
4530015041.0,DWI,0.9,BURGLARY OF VEHICLE,0.1,WARRANT ARREST NON TRAFFIC,0.0
4530024112.0,THEFT BY SHOPLIFTING,0.68,BURGLARY NON RESIDENCE,0.26,THEFT,0.04
4530019104.0,BURGLARY OF VEHICLE,0.98,FAMILY DISTURBANCE,0.02,WARRANT ARREST NON TRAFFIC,0.0
4530021052.0,THEFT,0.66,BURGLARY OF VEHICLE,0.28,ASSAULT WITH INJURY,0.06
4530016054.0,BURGLARY OF VEHICLE,0.88,ASSAULT WITH INJURY,0.1,THEFT,0.02
4530318004.0,FAMILY DISTURBANCE,1.0,WARRANT ARREST NON TRAFFIC,0.0,CUSTODY ARREST TRAFFIC WARR,0.0
4910203341.0,THEFT BY SHOPLIFTING,0.9,THEFT,0.08,BURGLARY OF VEHICLE,0.02
4530021091.0,FAMILY DISTURBANCE,1.0,WARRANT ARREST NON TRAFFIC,0.0,CUSTODY ARREST TRAFFIC WARR,0.0
4530406001.0,THEFT,0.96,BURGLARY NON RESIDENCE,0.04,WARRANT ARREST NON TRAFFIC,0.0
4530003081.0,CUSTODY ARREST TRAFFIC WARR,0.68,DWI,0.28,BURGLARY OF VEHICLE,0.04
4530025005.0,FAMILY DISTURBANCE,0.82,THEFT,0.14,BURGLARY OF VEHICLE,0.04
4530405002.0,DWI,1.0,WARRANT ARREST NON TRAFFIC,0.0,CUSTODY ARREST TRAFFIC WARR,0.0
4530023222.0,THEFT,0.78,BURGLARY NON RESIDENCE,0.22,WARRANT ARREST NON TRAFFIC,0.0
4530422003.0,FAMILY DISTURBANCE,0.82,ASSAULT W/INJURY-FAM/DATE VIOL,0.18,CUSTODY ARREST TRAFFIC WARR,0.0
4530431001.0,POSS OF DRUG PARAPHERNALIA,0.68,DWI,0.28,THEFT,0.04
4530024232.0,FAMILY DISTURBANCE,1.0,WARRANT ARREST NON TRAFFIC,0.0,CUSTODY ARREST TRAFFIC WARR,0.0
4530021081.0,FAMILY DISTURBANCE,1.0,WARRANT ARREST NON TRAFFIC,0.0,CUSTODY ARREST TRAFFIC WARR,0.0
4530021123.0,FAMILY DISTURBANCE,1.0,WARRANT ARREST NON TRAFFIC,0.0,CUSTODY ARREST TRAFFIC WARR,0.0
4530015044.0,BURGLARY OF VEHICLE,0.58,FAMILY DISTURBANCE,0.4,BURGLARY OF RESIDENCE,0.02
4530012001.0,BURGLARY OF VEHICLE,0.64,THEFT,0.36,WARRANT ARREST NON TRAFFIC,0.0
4530004013.0,DWI,0.98,BURGLARY OF VEHICLE,0.02,WARRANT ARREST NON TRAFFIC,0.0
4530015053.0,BURGLARY OF VEHICLE,1.0,WARRANT ARREST NON TRAFFIC,0.0,THEFT BY SHOPLIFTING,0.0
4530434001.0,POSS OF DRUG PARAPHERNALIA,0.88,DWI,0.12,WARRANT ARREST NON TRAFFIC,0.0
4530009011.0,DWI,0.58,POSS OF DRUG PARAPHERNALIA,0.26,BURGLARY OF VEHICLE,0.16
4530002053.0,DWI,0.72,BURGLARY OF VEHICLE,0.28,WARRANT ARREST NON TRAFFIC,0.0
4530013072.0,DWI,0.98,PUBLIC INTOXICATION,0.02,WARRANT ARREST NON TRAFFIC,0.0
4530013101.0,DWI,0.74,BURGLARY OF VEHICLE,0.24,PUBLIC INTOXICATION,0.02
4530024221.0,DWI,1.0,WARRANT ARREST NON TRAFFIC,0.0,CUSTODY ARREST TRAFFIC WARR,0.0
4530302004.0,DWI,0.68,BURGLARY OF VEHICLE,0.32,WARRANT ARREST NON TRAFFIC,0.0
4530372002.0,FAMILY DISTURBANCE,0.84,BURGLARY OF VEHICLE,0.16,WARRANT ARREST NON TRAFFIC,0.0
4530021101.0,FAMILY DISTURBANCE,1.0,WARRANT ARREST NON TRAFFIC,0.0,CUSTODY ARREST TRAFFIC WARR,0.0
4530015014.0,DWI,0.66,CRIMINAL MISCHIEF,0.34,WARRANT ARREST NON TRAFFIC,0.0
4530023162.0,BURGLARY OF VEHICLE,1.0,WARRANT ARREST NON TRAFFIC,0.0,THEFT BY SHOPLIFTING,0.0
4530014023.0,BURGLARY OF VEHICLE,1.0,WARRANT ARREST NON TRAFFIC,0.0,THEFT BY SHOPLIFTING,0.0
4530024391.0,FAMILY DISTURBANCE,1.0,WARRANT ARREST NON TRAFFIC,0.0,CUSTODY ARREST TRAFFIC WARR,0.0
4530407003.0,PUBLIC INTOXICATION,0.62,DWI,0.32,CUSTODY ARREST TRAFFIC WARR,0.06
4530022201.0,DWI,0.94,POSSESSION OF MARIJUANA,0.06,WARRANT ARREST NON TRAFFIC,0.0
4530024443.0,THEFT,0.92,BURGLARY NON RESIDENCE,0.08,WARRANT ARREST NON TRAFFIC,0.0
4530012003.0,DWI,1.0,WARRANT ARREST NON TRAFFIC,0.0,CUSTODY ARREST TRAFFIC WARR,0.0
4530023272.0,BURGLARY OF RESIDENCE,0.72,FAMILY DISTURBANCE,0.28,WARRANT ARREST NON TRAFFIC,0.0
4530004012.0,BURGLARY OF VEHICLE,1.0,WARRANT ARREST NON TRAFFIC,0.0,THEFT BY SHOPLIFTING,0.0
4530019201.0,BURGLARY OF VEHICLE,1.0,WARRANT ARREST NON TRAFFIC,0.0,THEFT BY SHOPLIFTING,0.0
4530021041.0,THEFT,0.72,THEFT BY SHOPLIFTING,0.22,DISTURBANCE - OTHER,0.04
4530005001.0,BURGLARY OF RESIDENCE,0.64,FAMILY DISTURBANCE,0.3,BURGLARY OF VEHICLE,0.06
4530422001.0,BURGLARY OF VEHICLE,1.0,WARRANT ARREST NON TRAFFIC,0.0,THEFT BY SHOPLIFTING,0.0
4530342002.0,BURGLARY OF VEHICLE,0.58,CUSTODY ARREST TRAFFIC WARR,0.3,DWI,0.1
4530019144.0,BURGLARY OF VEHICLE,0.9,FAMILY DISTURBANCE,0.1,WARRANT ARREST NON TRAFFIC,0.0
4530414002.0,BURGLARY OF VEHICLE,1.0,WARRANT ARREST NON TRAFFIC,0.0,THEFT BY SHOPLIFTING,0.0
4530019103.0,BURGLARY OF VEHICLE,1.0,WARRANT ARREST NON TRAFFIC,0.0,THEFT BY SHOPLIFTING,0.0
4530021112.0,FAMILY DISTURBANCE,1.0,WARRANT ARREST NON TRAFFIC,0.0,CUSTODY ARREST TRAFFIC WARR,0.0
4530024411.0,FAMILY DISTURBANCE,1.0,WARRANT ARREST NON TRAFFIC,0.0,CUSTODY ARREST TRAFFIC WARR,0.0
4530013041.0,THEFT,0.9,CRIMINAL MISCHIEF,0.1,WARRANT ARREST NON TRAFFIC,0.0
4530414001.0,BURGLARY OF VEHICLE,1.0,WARRANT ARREST NON TRAFFIC,0.0,THEFT BY SHOPLIFTING,0.0
4530323002.0,BURGLARY OF VEHICLE,0.68,FAMILY DISTURBANCE,0.32,WARRANT ARREST NON TRAFFIC,0.0
4530330001.0,FAMILY DISTURBANCE,1.0,WARRANT ARREST NON TRAFFIC,0.0,CUSTODY ARREST TRAFFIC WARR,0.0
4530015052.0,BURGLARY OF VEHICLE,0.64,DWI,0.36,WARRANT ARREST NON TRAFFIC,0.0
4530019231.0,BURGLARY OF VEHICLE,0.78,CRIMINAL MISCHIEF,0.22,WARRANT ARREST NON TRAFFIC,0.0
4530024512.0,FAMILY DISTURBANCE,0.98,CUSTODY ARREST TRAFFIC WARR,0.02,WARRANT ARREST NON TRAFFIC,0.0
4530412001.0,BURGLARY OF VEHICLE,0.96,FAMILY DISTURBANCE,0.04,WARRANT ARREST NON TRAFFIC,0.0
4530335003.0,BURGLARY OF VEHICLE,0.8,DWI,0.2,WARRANT ARREST NON TRAFFIC,0.0
4530024102.0,FAMILY DISTURBANCE,1.0,WARRANT ARREST NON TRAFFIC,0.0,CUSTODY ARREST TRAFFIC WARR,0.0
4530436003.0,THEFT,1.0,WARRANT ARREST NON TRAFFIC,0.0,CUSTODY ARREST TRAFFIC WARR,0.0
4530015011.0,FAMILY DISTURBANCE,0.62,BURGLARY OF RESIDENCE,0.22,BURGLARY OF VEHICLE,0.16
4530021062.0,BURGLARY OF RESIDENCE,0.68,FAMILY DISTURBANCE,0.32,WARRANT ARREST NON TRAFFIC,0.0
4530003021.0,DWI,0.88,BURGLARY OF VEHICLE,0.12,WARRANT ARREST NON TRAFFIC,0.0
4530440002.0,FAMILY DISTURBANCE,1.0,WARRANT ARREST NON TRAFFIC,0.0,CUSTODY ARREST TRAFFIC WARR,0.0
4530013081.0,FAMILY DISTURBANCE,0.98,BURGLARY OF RESIDENCE,0.02,WARRANT ARREST NON TRAFFIC,0.0
4530453002.0,DWI,0.98,BURGLARY OF VEHICLE,0.02,WARRANT ARREST NON TRAFFIC,0.0
4530323003.0,DWI,1.0,WARRANT ARREST NON TRAFFIC,0.0,CUSTODY ARREST TRAFFIC WARR,0.0
4530020072.0,DWI,0.92,CUSTODY ARREST TRAFFIC WARR,0.08,WARRANT ARREST NON TRAFFIC,0.0
4530416003.0,DWI,1.0,WARRANT ARREST NON TRAFFIC,0.0,CUSTODY ARREST TRAFFIC WARR,0.0
4530413002.0,FAMILY DISTURBANCE,1.0,WARRANT ARREST NON TRAFFIC,0.0,CUSTODY ARREST TRAFFIC WARR,0.0
4530014031.0,CUSTODY ARREST TRAFFIC WARR,0.62,DWI,0.36,BURGLARY OF VEHICLE,0.02
4530304003.0,FAMILY DISTURBANCE,1.0,WARRANT ARREST NON TRAFFIC,0.0,CUSTODY ARREST TRAFFIC WARR,0.0
4530024392.0,FAMILY DISTURBANCE,1.0,WARRANT ARREST NON TRAFFIC,0.0,CUSTODY ARREST TRAFFIC WARR,0.0
4530024303.0,FAMILY DISTURBANCE,1.0,WARRANT ARREST NON TRAFFIC,0.0,CUSTODY ARREST TRAFFIC WARR,0.0
4530023211.0,CUSTODY ARREST TRAFFIC WARR,0.6,DWI,0.4,WARRANT ARREST NON TRAFFIC,0.0
4530006063.0,CRIMINAL MISCHIEF,0.56,PUBLIC INTOXICATION,0.44,WARRANT ARREST NON TRAFFIC,0.0
4530013042.0,BURGLARY OF RESIDENCE,0.96,THEFT,0.02,BURGLARY OF VEHICLE,0.02
4530024122.0,FAMILY DISTURBANCE,1.0,WARRANT ARREST NON TRAFFIC,0.0,CUSTODY ARREST TRAFFIC WARR,0.0
4530319002.0,FAMILY DISTURBANCE,1.0,WARRANT ARREST NON TRAFFIC,0.0,CUSTODY ARREST TRAFFIC WARR,0.0
4530013123.0,BURGLARY OF RESIDENCE,0.74,FAMILY DISTURBANCE,0.26,WARRANT ARREST NON TRAFFIC,0.0
4530451002.0,BURGLARY OF VEHICLE,1.0,WARRANT ARREST NON TRAFFIC,0.0,THEFT BY SHOPLIFTING,0.0
4530023212.0,FAMILY DISTURBANCE,1.0,WARRANT ARREST NON TRAFFIC,0.0,CUSTODY ARREST TRAFFIC WARR,0.0
4530016022.0,DWI,0.6,BURGLARY OF VEHICLE,0.4,WARRANT ARREST NON TRAFFIC,0.0
4530024113.0,FAMILY DISTURBANCE,1.0,WARRANT ARREST NON TRAFFIC,0.0,CUSTODY ARREST TRAFFIC WARR,0.0
4530407005.0,FAMILY DISTURBANCE,1.0,WARRANT ARREST NON TRAFFIC,0.0,CUSTODY ARREST TRAFFIC WARR,0.0
4530372001.0,FAMILY DISTURBANCE,0.96,ASSAULT W/INJURY-FAM/DATE VIOL,0.02,BURGLARY OF VEHICLE,0.02
4530312005.0,FAMILY DISTURBANCE,1.0,WARRANT ARREST NON TRAFFIC,0.0,CUSTODY ARREST TRAFFIC WARR,0.0
4530023221.0,FAMILY DISTURBANCE,0.9,THEFT,0.1,WARRANT ARREST NON TRAFFIC,0.0
4530008021.0,FAMILY DISTURBANCE,0.96,THEFT,0.02,BURGLARY OF VEHICLE,0.02
4530002061.0,BURGLARY OF VEHICLE,1.0,WARRANT ARREST NON TRAFFIC,0.0,THEFT BY SHOPLIFTING,0.0
4530421004.0,BURGLARY OF VEHICLE,0.6,FAMILY DISTURBANCE,0.4,WARRANT ARREST NON TRAFFIC,0.0
4530401001.0,THEFT BY SHOPLIFTING,0.56,BURGLARY NON RESIDENCE,0.28,THEFT,0.08
4530024511.0,BURGLARY OF VEHICLE,0.96,AUTO THEFT,0.04,WARRANT ARREST NON TRAFFIC,0.0
4530001022.0,THEFT,0.54,BURGLARY OF VEHICLE,0.36,ASSAULT WITH INJURY,0.1
4530402002.0,FAMILY DISTURBANCE,1.0,WARRANT ARREST NON TRAFFIC,0.0,CUSTODY ARREST TRAFFIC WARR,0.0
4530409002.0,DWI,0.96,CUSTODY ARREST TRAFFIC WARR,0.02,BURGLARY OF VEHICLE,0.02
4530432002.0,FAMILY DISTURBANCE,1.0,WARRANT ARREST NON TRAFFIC,0.0,CUSTODY ARREST TRAFFIC WARR,0.0
4530321001.0,DWI,0.9,CUSTODY ARREST TRAFFIC WARR,0.1,WARRANT ARREST NON TRAFFIC,0.0
4530013044.0,DWI,0.94,BURGLARY OF VEHICLE,0.06,WARRANT ARREST NON TRAFFIC,0.0
4530407001.0,CUSTODY ARREST TRAFFIC WARR,0.62,DWI,0.36,PUBLIC INTOXICATION,0.02
4530021102.0,POSSESSION OF MARIJUANA,0.9,POSS OF DRUG PARAPHERNALIA,0.1,WARRANT ARREST NON TRAFFIC,0.0
4530013091.0,DWI,0.82,BURGLARY OF VEHICLE,0.12,PUBLIC INTOXICATION,0.06
4530019112.0,FAMILY DISTURBANCE,0.66,BURGLARY OF VEHICLE,0.34,WARRANT ARREST NON TRAFFIC,0.0
4530310001.0,DWI,0.66,BURGLARY OF VEHICLE,0.32,CRIMINAL MISCHIEF,0.02
4530019172.0,BURGLARY OF VEHICLE,0.98,DWI,0.02,WARRANT ARREST NON TRAFFIC,0.0
4530021042.0,BURGLARY OF RESIDENCE,0.64,FAMILY DISTURBANCE,0.36,WARRANT ARREST NON TRAFFIC,0.0
4530019143.0,BURGLARY OF VEHICLE,1.0,WARRANT ARREST NON TRAFFIC,0.0,THEFT BY SHOPLIFTING,0.0
4530010002.0,PUBLIC INTOXICATION,0.74,BURGLARY OF VEHICLE,0.22,DWI,0.04
4530023243.0,BURGLARY OF VEHICLE,1.0,WARRANT ARREST NON TRAFFIC,0.0,THEFT BY SHOPLIFTING,0.0
4530453001.0,BURGLARY OF VEHICLE,1.0,WARRANT ARREST NON TRAFFIC,0.0,THEFT BY SHOPLIFTING,0.0
4530403002.0,DWI,0.78,AUTO THEFT,0.22,WARRANT ARREST NON TRAFFIC,0.0
4530325001.0,DWI,1.0,WARRANT ARREST NON TRAFFIC,0.0,CUSTODY ARREST TRAFFIC WARR,0.0
4530024383.0,BURGLARY OF VEHICLE,1.0,WARRANT ARREST NON TRAFFIC,0.0,THEFT BY SHOPLIFTING,0.0
4530411002.0,BURGLARY OF VEHICLE,0.62,DWI,0.34,CUSTODY ARREST TRAFFIC WARR,0.04
4530024421.0,CRIMINAL MISCHIEF,0.5,POSSESSION OF MARIJUANA,0.3,DWI,0.2
4530312004.0,FAMILY DISTURBANCE,1.0,WARRANT ARREST NON TRAFFIC,0.0,CUSTODY ARREST TRAFFIC WARR,0.0
4530024242.0,BURGLARY OF VEHICLE,1.0,WARRANT ARREST NON TRAFFIC,0.0,THEFT BY SHOPLIFTING,0.0
4530023163.0,BURGLARY OF VEHICLE,1.0,WARRANT ARREST NON TRAFFIC,0.0,THEFT BY SHOPLIFTING,0.0
4530013092.0,BURGLARY OF VEHICLE,0.98,FAMILY DISTURBANCE,0.02,WARRANT ARREST NON TRAFFIC,0.0
4530019102.0,BURGLARY OF VEHICLE,0.98,CRIMINAL MISCHIEF,0.02,WARRANT ARREST NON TRAFFIC,0.0
4530025003.0,BURGLARY OF VEHICLE,1.0,WARRANT ARREST NON TRAFFIC,0.0,THEFT BY SHOPLIFTING,0.0
4530023254.0,BURGLARY OF VEHICLE,1.0,WARRANT ARREST NON TRAFFIC,0.0,THEFT BY SHOPLIFTING,0.0
4530019113.0,BURGLARY OF VEHICLE,1.0,WARRANT ARREST NON TRAFFIC,0.0,THEFT BY SHOPLIFTING,0.0
4530003051.0,BURGLARY OF VEHICLE,1.0,WARRANT ARREST NON TRAFFIC,0.0,THEFT BY SHOPLIFTING,0.0
4530346001.0,THEFT,0.94,CRIMINAL MISCHIEF,0.04,HARASSMENT,0.02
4530024373.0,DWI,0.88,BURGLARY OF VEHICLE,0.12,WARRANT ARREST NON TRAFFIC,0.0
4530440001.0,FAMILY DISTURBANCE,1.0,WARRANT ARREST NON TRAFFIC,0.0,CUSTODY ARREST TRAFFIC WARR,0.0
4530409004.0,BURGLARY OF VEHICLE,1.0,WARRANT ARREST NON TRAFFIC,0.0,THEFT BY SHOPLIFTING,0.0
4530006052.0,THEFT,0.82,BURGLARY OF VEHICLE,0.18,WARRANT ARREST NON TRAFFIC,0.0
4530415001.0,BURGLARY OF VEHICLE,1.0,WARRANT ARREST NON TRAFFIC,0.0,THEFT BY SHOPLIFTING,0.0
4910205082.0,FAMILY DISTURBANCE,0.98,HARASSMENT,0.02,WARRANT ARREST NON TRAFFIC,0.0
4530021133.0,BURGLARY NON RESIDENCE,0.52,POSS CONTROLLED SUB/NARCOTIC,0.32,BURGLARY OF RESIDENCE,0.16
4530019145.0,DWI,0.72,BURGLARY OF VEHICLE,0.28,WARRANT ARREST NON TRAFFIC,0.0
4530313001.0,FAMILY DISTURBANCE,0.86,BURGLARY OF VEHICLE,0.1,THEFT,0.04
4530306003.0,DWI,0.7,BURGLARY OF VEHICLE,0.3,WARRANT ARREST NON TRAFFIC,0.0
4530015054.0,DWI,0.9,BURGLARY OF VEHICLE,0.1,WARRANT ARREST NON TRAFFIC,0.0
4530010004.0,BURGLARY OF VEHICLE,0.52,DWI,0.32,CUSTODY ARREST TRAFFIC WARR,0.12
4530003024.0,CRIMINAL MISCHIEF,0.56,BURGLARY OF VEHICLE,0.3,THEFT,0.12
4530025004.0,BURGLARY OF VEHICLE,1.0,WARRANT ARREST NON TRAFFIC,0.0,THEFT BY SHOPLIFTING,0.0
4530023213.0,FAMILY DISTURBANCE,0.98,THEFT,0.02,WARRANT ARREST NON TRAFFIC,0.0
4530021131.0,FAMILY DISTURBANCE,1.0,WARRANT ARREST NON TRAFFIC,0.0,CUSTODY ARREST TRAFFIC WARR,0.0
4530306001.0,BURGLARY OF VEHICLE,0.62,DWI,0.38,WARRANT ARREST NON TRAFFIC,0.0
4910205081.0,FAMILY DISTURBANCE,0.92,HARASSMENT,0.08,WARRANT ARREST NON TRAFFIC,0.0
4530015051.0,DWI,0.66,BURGLARY OF VEHICLE,0.34,WARRANT ARREST NON TRAFFIC,0.0
4530024483.0,THEFT,1.0,WARRANT ARREST NON TRAFFIC,0.0,CUSTODY ARREST TRAFFIC WARR,0.0
4530014022.0,BURGLARY OF RESIDENCE,0.7,BURGLARY OF VEHICLE,0.3,WARRANT ARREST NON TRAFFIC,0.0
4530021063.0,BURGLARY OF RESIDENCE,0.86,FAMILY DISTURBANCE,0.14,WARRANT ARREST NON TRAFFIC,0.0
4910205091.0,THEFT,0.8,BURGLARY OF VEHICLE,0.08,CRIMINAL MISCHIEF,0.08
4530422002.0,BURGLARY OF VEHICLE,1.0,WARRANT ARREST NON TRAFFIC,0.0,THEFT BY SHOPLIFTING,0.0
4530439003.0,THEFT BY SHOPLIFTING,0.96,THEFT,0.02,AUTO THEFT,0.02
4530441001.0,THEFT BY SHOPLIFTING,0.92,THEFT,0.06,AUTO THEFT,0.02
4530342003.0,FAMILY DISTURBANCE,1.0,WARRANT ARREST NON TRAFFIC,0.0,CUSTODY ARREST TRAFFIC WARR,0.0
4530001014.0,ASSAULT WITH INJURY,0.68,THEFT,0.24,BURGLARY NON RESIDENCE,0.04
4530024521.0,AUTO THEFT,0.64,BURGLARY OF VEHICLE,0.36,WARRANT ARREST NON TRAFFIC,0.0
4910205163.0,FAMILY DISTURBANCE,0.98,THEFT,0.02,WARRANT ARREST NON TRAFFIC,0.0
4530024133.0,POSSESSION OF MARIJUANA,0.9,DWI,0.1,WARRANT ARREST NON TRAFFIC,0.0
4530024381.0,FAMILY DISTURBANCE,1.0,WARRANT ARREST NON TRAFFIC,0.0,CUSTODY ARREST TRAFFIC WARR,0.0
4530436002.0,FAMILY DISTURBANCE,0.66,ASSAULT W/INJURY-FAM/DATE VIOL,0.34,CUSTODY ARREST TRAFFIC WARR,0.0
4530008033.0,POSS OF DRUG PARAPHERNALIA,1.0,WARRANT ARREST NON TRAFFIC,0.0,CUSTODY ARREST TRAFFIC WARR,0.0
4530015013.0,BURGLARY OF VEHICLE,1.0,WARRANT ARREST NON TRAFFIC,0.0,THEFT BY SHOPLIFTING,0.0
4530005003.0,BURGLARY OF VEHICLE,1.0,WARRANT ARREST NON TRAFFIC,0.0,THEFT BY SHOPLIFTING,0.0
4530452001.0,FAMILY DISTURBANCE,1.0,WARRANT ARREST NON TRAFFIC,0.0,CUSTODY ARREST TRAFFIC WARR,0.0
4530002052.0,BURGLARY OF VEHICLE,0.64,DWI,0.36,WARRANT ARREST NON TRAFFIC,0.0
4530011023.0,DWI,0.76,PUBLIC INTOXICATION,0.18,BURGLARY OF VEHICLE,0.06
4530323001.0,BURGLARY OF VEHICLE,1.0,WARRANT ARREST NON TRAFFIC,0.0,THEFT BY SHOPLIFTING,0.0
4530022012.0,POSSESSION OF MARIJUANA,0.66,DWI,0.28,BURGLARY OF VEHICLE,0.06
4530003022.0,BURGLARY OF VEHICLE,0.68,BURGLARY OF RESIDENCE,0.28,FAMILY DISTURBANCE,0.04
4530024092.0,FAMILY DISTURBANCE,1.0,WARRANT ARREST NON TRAFFIC,0.0,CUSTODY ARREST TRAFFIC WARR,0.0
4530024093.0,FAMILY DISTURBANCE,1.0,WARRANT ARREST NON TRAFFIC,0.0,CUSTODY ARREST TRAFFIC WARR,0.0
4530024222.0,THEFT,0.68,BURGLARY NON RESIDENCE,0.3,ASSAULT W/INJURY-FAM/DATE VIOL,0.02
4530302001.0,BURGLARY OF VEHICLE,0.92,FAMILY DISTURBANCE,0.08,WARRANT ARREST NON TRAFFIC,0.0
4530306004.0,BURGLARY OF VEHICLE,0.8,DWI,0.2,WARRANT ARREST NON TRAFFIC,0.0
4530023252.0,BURGLARY OF VEHICLE,1.0,WARRANT ARREST NON TRAFFIC,0.0,THEFT BY SHOPLIFTING,0.0
4530403001.0,AUTO THEFT,0.6,DWI,0.4,WARRANT ARREST NON TRAFFIC,0.0
4530021132.0,BURGLARY OF VEHICLE,0.98,CUSTODY ARREST TRAFFIC WARR,0.02,WARRANT ARREST NON TRAFFIC,0.0
4530002042.0,BURGLARY OF VEHICLE,1.0,WARRANT ARREST NON TRAFFIC,0.0,THEFT BY SHOPLIFTING,0.0
4530308004.0,THEFT,0.58,BURGLARY NON RESIDENCE,0.26,BURGLARY OF VEHICLE,0.16
4530405001.0,FAMILY DISTURBANCE,0.98,BURGLARY OF VEHICLE,0.02,WARRANT ARREST NON TRAFFIC,0.0
4530024422.0,FAMILY DISTURBANCE,1.0,WARRANT ARREST NON TRAFFIC,0.0,CUSTODY ARREST TRAFFIC WARR,0.0
4530400004.0,FAMILY DISTURBANCE,1.0,WARRANT ARREST NON TRAFFIC,0.0,CUSTODY ARREST TRAFFIC WARR,0.0
4530405003.0,BURGLARY OF VEHICLE,1.0,WARRANT ARREST NON TRAFFIC,0.0,THEFT BY SHOPLIFTING,0.0
4530006064.0,BURGLARY OF RESIDENCE,0.7,BURGLARY OF VEHICLE,0.28,CRIMINAL MISCHIEF,0.02
4530025002.0,DWI,0.7,CRIMINAL MISCHIEF,0.22,BURGLARY OF VEHICLE,0.08
4530016032.0,DWI,0.64,BURGLARY OF VEHICLE,0.36,WARRANT ARREST NON TRAFFIC,0.0
4530014021.0,DWI,0.88,BURGLARY OF VEHICLE,0.12,WARRANT ARREST NON TRAFFIC,0.0
4530021103.0,POSS OF DRUG PARAPHERNALIA,0.64,POSSESSION OF MARIJUANA,0.36,WARRANT ARREST NON TRAFFIC,0.0
4530401002.0,BURGLARY OF VEHICLE,1.0,WARRANT ARREST NON TRAFFIC,0.0,THEFT BY SHOPLIFTING,0.0
4530002032.0,THEFT,0.96,BURGLARY OF VEHICLE,0.04,WARRANT ARREST NON TRAFFIC,0.0
4530023101.0,BURGLARY OF VEHICLE,1.0,WARRANT ARREST NON TRAFFIC,0.0,THEFT BY SHOPLIFTING,0.0
4530301002.0,DWI,0.74,BURGLARY OF VEHICLE,0.26,WARRANT ARREST NON TRAFFIC,0.0
4530003053.0,FAMILY DISTURBANCE,0.78,BURGLARY OF VEHICLE,0.2,BURGLARY OF RESIDENCE,0.02
4530013102.0,THEFT,0.6,BURGLARY OF VEHICLE,0.3,FAMILY DISTURBANCE,0.1
4530437001.0,FAMILY DISTURBANCE,1.0,WARRANT ARREST NON TRAFFIC,0.0,CUSTODY ARREST TRAFFIC WARR,0.0
4530308001.0,CUSTODY ARREST TRAFFIC WARR,0.7,BURGLARY OF VEHICLE,0.2,DWI,0.1
4530410003.0,ASSAULT WITH INJURY,0.98,CRIMINAL MISCHIEF,0.02,WARRANT ARREST NON TRAFFIC,0.0
4530024223.0,FAMILY DISTURBANCE,1.0,WARRANT ARREST NON TRAFFIC,0.0,CUSTODY ARREST TRAFFIC WARR,0.0
4530454001.0,FAMILY DISTURBANCE,1.0,WARRANT ARREST NON TRAFFIC,0.0,CUSTODY ARREST TRAFFIC WARR,0.0
4530004023.0,BURGLARY OF VEHICLE,0.74,DWI,0.26,WARRANT ARREST NON TRAFFIC,0.0
4530408003.0,CUSTODY ARREST TRAFFIC WARR,0.64,BURGLARY OF VEHICLE,0.26,DWI,0.1
4530328001.0,BURGLARY OF VEHICLE,0.66,FAMILY DISTURBANCE,0.34,WARRANT ARREST NON TRAFFIC,0.0
4530003042.0,BURGLARY OF VEHICLE,1.0,WARRANT ARREST NON TRAFFIC,0.0,THEFT BY SHOPLIFTING,0.0
4530301001.0,BURGLARY OF VEHICLE,1.0,WARRANT ARREST NON TRAFFIC,0.0,THEFT BY SHOPLIFTING,0.0
4530020042.0,BURGLARY OF VEHICLE,1.0,WARRANT ARREST NON TRAFFIC,0.0,THEFT BY SHOPLIFTING,0.0
4530023131.0,BURGLARY OF VEHICLE,1.0,WARRANT ARREST NON TRAFFIC,0.0,THEFT BY SHOPLIFTING,0.0
4530416004.0,BURGLARY OF VEHICLE,1.0,WARRANT ARREST NON TRAFFIC,0.0,THEFT BY SHOPLIFTING,0.0
4530019141.0,BURGLARY OF VEHICLE,0.82,THEFT,0.18,WARRANT ARREST NON TRAFFIC,0.0
4530006062.0,BURGLARY OF VEHICLE,1.0,WARRANT ARREST NON TRAFFIC,0.0,THEFT BY SHOPLIFTING,0.0
4530023072.0,BURGLARY OF VEHICLE,1.0,WARRANT ARREST NON TRAFFIC,0.0,THEFT BY SHOPLIFTING,0.0
4530320004.0,BURGLARY OF VEHICLE,1.0,WARRANT ARREST NON TRAFFIC,0.0,THEFT BY SHOPLIFTING,0.0
4530341001.0,DWI,0.52,DISTURBANCE - OTHER,0.3,CUSTODY ARREST TRAFFIC WARR,0.18
4530019221.0,FAMILY DISTURBANCE,0.64,HARASSMENT,0.34,BURGLARY OF VEHICLE,0.02
4530318001.0,FAMILY DISTURBANCE,1.0,WARRANT ARREST NON TRAFFIC,0.0,CUSTODY ARREST TRAFFIC WARR,0.0
4530024472.0,DWI,0.72,BURGLARY OF VEHICLE,0.28,WARRANT ARREST NON TRAFFIC,0.0
4530407004.0,CUSTODY ARREST TRAFFIC WARR,0.6,PUBLIC INTOXICATION,0.22,DWI,0.18
4530023201.0,FAMILY DISTURBANCE,0.74,WARRANT ARREST NON TRAFFIC,0.26,CUSTODY ARREST TRAFFIC WARR,0.0
4530019232.0,FAMILY DISTURBANCE,0.76,BURGLARY OF VEHICLE,0.2,ASSAULT WITH INJURY,0.02
4530020061.0,BURGLARY OF VEHICLE,1.0,WARRANT ARREST NON TRAFFIC,0.0,THEFT BY SHOPLIFTING,0.0
4530301003.0,BURGLARY OF VEHICLE,1.0,WARRANT ARREST NON TRAFFIC,0.0,THEFT BY SHOPLIFTING,0.0
4530312002.0,FAMILY DISTURBANCE,0.74,BURGLARY OF VEHICLE,0.2,ASSAULT W/INJURY-FAM/DATE VIOL,0.06
4530434002.0,BURGLARY OF VEHICLE,1.0,WARRANT ARREST NON TRAFFIC,0.0,THEFT BY SHOPLIFTING,0.0
4530006053.0,BURGLARY OF VEHICLE,1.0,WARRANT ARREST NON TRAFFIC,0.0,THEFT BY SHOPLIFTING,0.0
4530022141.0,BURGLARY OF VEHICLE,1.0,WARRANT ARREST NON TRAFFIC,0.0,THEFT BY SHOPLIFTING,0.0
4530413001.0,FAMILY DISTURBANCE,1.0,WARRANT ARREST NON TRAFFIC,0.0,CUSTODY ARREST TRAFFIC WARR,0.0
4530006071.0,DWI,0.56,PUBLIC INTOXICATION,0.28,CRIMINAL MISCHIEF,0.16
4530010005.0,CUSTODY ARREST TRAFFIC WARR,0.7,BURGLARY OF VEHICLE,0.18,PUBLIC INTOXICATION,0.1
4530024441.0,BURGLARY OF VEHICLE,1.0,WARRANT ARREST NON TRAFFIC,0.0,THEFT BY SHOPLIFTING,0.0
4530003025.0,THEFT,0.68,CRIMINAL MISCHIEF,0.2,BURGLARY OF VEHICLE,0.08
4530024192.0,BURGLARY OF VEHICLE,1.0,WARRANT ARREST NON TRAFFIC,0.0,THEFT BY SHOPLIFTING,0.0
4530019222.0,BURGLARY OF VEHICLE,0.74,DWI,0.26,WARRANT ARREST NON TRAFFIC,0.0
4530327001.0,BURGLARY OF VEHICLE,0.98,DWI,0.02,WARRANT ARREST NON TRAFFIC,0.0
4530006061.0,PUBLIC INTOXICATION,0.68,BURGLARY OF VEHICLE,0.3,CRIMINAL MISCHIEF,0.02
4530443002.0,CRIMINAL MISCHIEF,0.64,FAMILY DISTURBANCE,0.36,WARRANT ARREST NON TRAFFIC,0.0
4530024302.0,FAMILY DISTURBANCE,1.0,WARRANT ARREST NON TRAFFIC,0.0,CUSTODY ARREST TRAFFIC WARR,0.0
4530016052.0,BURGLARY OF VEHICLE,0.98,BURGLARY OF RESIDENCE,0.02,WARRANT ARREST NON TRAFFIC,0.0
4530023142.0,FAMILY DISTURBANCE,1.0,WARRANT ARREST NON TRAFFIC,0.0,CUSTODY ARREST TRAFFIC WARR,0.0
4530019151.0,THEFT,0.84,BURGLARY OF VEHICLE,0.08,THEFT BY SHOPLIFTING,0.06
4530016031.0,BURGLARY OF VEHICLE,1.0,WARRANT ARREST NON TRAFFIC,0.0,THEFT BY SHOPLIFTING,0.0
4530016023.0,BURGLARY OF VEHICLE,1.0,WARRANT ARREST NON TRAFFIC,0.0,THEFT BY SHOPLIFTING,0.0
4530417002.0,BURGLARY OF VEHICLE,0.98,DWI,0.02,WARRANT ARREST NON TRAFFIC,0.0
4530317002.0,FAMILY DISTURBANCE,1.0,WARRANT ARREST NON TRAFFIC,0.0,CUSTODY ARREST TRAFFIC WARR,0.0
4530022142.0,FAMILY DISTURBANCE,0.98,ASSAULT W/INJURY-FAM/DATE VIOL,0.02,CUSTODY ARREST TRAFFIC WARR,0.0
4910204102.0,BURGLARY OF VEHICLE,1.0,WARRANT ARREST NON TRAFFIC,0.0,THEFT BY SHOPLIFTING,0.0
4530409003.0,FAMILY DISTURBANCE,1.0,WARRANT ARREST NON TRAFFIC,0.0,CUSTODY ARREST TRAFFIC WARR,0.0
4530024132.0,FAMILY DISTURBANCE,1.0,WARRANT ARREST NON TRAFFIC,0.0,CUSTODY ARREST TRAFFIC WARR,0.0
4530011031.0,BURGLARY OF VEHICLE,1.0,WARRANT ARREST NON TRAFFIC,0.0,THEFT BY SHOPLIFTING,0.0
4530404002.0,BURGLARY OF VEHICLE,1.0,WARRANT ARREST NON TRAFFIC,0.0,THEFT BY SHOPLIFTING,0.0
4530335002.0,FAMILY DISTURBANCE,1.0,WARRANT ARREST NON TRAFFIC,0.0,CUSTODY ARREST TRAFFIC WARR,0.0
4530439001.0,FAMILY DISTURBANCE,1.0,WARRANT ARREST NON TRAFFIC,0.0,CUSTODY ARREST TRAFFIC WARR,0.0
4530024091.0,BURGLARY OF VEHICLE,1.0,WARRANT ARREST NON TRAFFIC,0.0,THEFT BY SHOPLIFTING,0.0
4530014011.0,POSSESSION OF MARIJUANA,0.58,THEFT,0.32,ASSAULT WITH INJURY,0.08
4530021121.0,FAMILY DISTURBANCE,1.0,WARRANT ARREST NON TRAFFIC,0.0,CUSTODY ARREST TRAFFIC WARR,0.0
4530401003.0,BURGLARY OF VEHICLE,1.0,WARRANT ARREST NON TRAFFIC,0.0,THEFT BY SHOPLIFTING,0.0
4530024482.0,DWI,0.98,BURGLARY OF VEHICLE,0.02,WARRANT ARREST NON TRAFFIC,0.0
4530021122.0,FAMILY DISTURBANCE,1.0,WARRANT ARREST NON TRAFFIC,0.0,CUSTODY ARREST TRAFFIC WARR,0.0
4530024522.0,FAMILY DISTURBANCE,0.92,POSS CONTROLLED SUB/NARCOTIC,0.08,WARRANT ARREST NON TRAFFIC,0.0
4530023073.0,DWI,1.0,WARRANT ARREST NON TRAFFIC,0.0,CUSTODY ARREST TRAFFIC WARR,0.0
4530325003.0,BURGLARY OF VEHICLE,0.92,CRIMINAL MISCHIEF,0.08,WARRANT ARREST NON TRAFFIC,0.0
4530368001.0,BURGLARY OF VEHICLE,1.0,WARRANT ARREST NON TRAFFIC,0.0,THEFT BY SHOPLIFTING,0.0
4530015042.0,BURGLARY OF VEHICLE,0.56,DWI,0.44,WARRANT ARREST NON TRAFFIC,0.0
4530024382.0,FAMILY DISTURBANCE,1.0,WARRANT ARREST NON TRAFFIC,0.0,CUSTODY ARREST TRAFFIC WARR,0.0
4530004021.0,FAMILY DISTURBANCE,0.76,BURGLARY OF VEHICLE,0.24,WARRANT ARREST NON TRAFFIC,0.0
4530367001.0,CRIMINAL MISCHIEF,0.66,BURGLARY OF VEHICLE,0.3,WARRANT ARREST NON TRAFFIC,0.04
4530015043.0,BURGLARY OF VEHICLE,0.94,DWI,0.06,WARRANT ARREST NON TRAFFIC,0.0
4530303002.0,BURGLARY OF VEHICLE,0.64,DWI,0.22,POSSESSION OF MARIJUANA,0.14
4530411001.0,DWI,0.66,CUSTODY ARREST TRAFFIC WARR,0.26,BURGLARY OF VEHICLE,0.08
4530321002.0,FAMILY DISTURBANCE,0.98,BURGLARY OF VEHICLE,0.02,WARRANT ARREST NON TRAFFIC,0.0
4530410004.0,FAMILY DISTURBANCE,1.0,WARRANT ARREST NON TRAFFIC,0.0,CUSTODY ARREST TRAFFIC WARR,0.0
4530022221.0,POSSESSION OF MARIJUANA,0.7,DWI,0.3,WARRANT ARREST NON TRAFFIC,0.0
4530021053.0,CUSTODY ARREST TRAFFIC WARR,0.7,DWI,0.22,PUBLIC INTOXICATION,0.06
4530016041.0,BURGLARY OF VEHICLE,0.66,DWI,0.34,WARRANT ARREST NON TRAFFIC,0.0
4530024481.0,FAMILY DISTURBANCE,1.0,WARRANT ARREST NON TRAFFIC,0.0,CUSTODY ARREST TRAFFIC WARR,0.0
4530016021.0,THEFT,0.98,BURGLARY OF VEHICLE,0.02,WARRANT ARREST NON TRAFFIC,0.0
4530020041.0,FAMILY DISTURBANCE,1.0,WARRANT ARREST NON TRAFFIC,0.0,CUSTODY ARREST TRAFFIC WARR,0.0
4530023144.0,FAMILY DISTURBANCE,0.9,BURGLARY OF VEHICLE,0.1,WARRANT ARREST NON TRAFFIC,0.0
4530022111.0,DWI,0.82,POSSESSION OF MARIJUANA,0.1,BURGLARY OF VEHICLE,0.08
4530016051.0,BURGLARY OF VEHICLE,0.94,BURGLARY OF RESIDENCE,0.06,WARRANT ARREST NON TRAFFIC,0.0
4530304002.0,FAMILY DISTURBANCE,1.0,WARRANT ARREST NON TRAFFIC,0.0,CUSTODY ARREST TRAFFIC WARR,0.0
4530322001.0,BURGLARY OF VEHICLE,0.6,DWI,0.34,CUSTODY ARREST TRAFFIC WARR,0.06
4530316001.0,THEFT,0.94,BURGLARY NON RESIDENCE,0.06,WARRANT ARREST NON TRAFFIC,0.0
4530320002.0,BURGLARY OF VEHICLE,1.0,WARRANT ARREST NON TRAFFIC,0.0,THEFT BY SHOPLIFTING,0.0
4530326002.0,THEFT,0.76,BURGLARY NON RESIDENCE,0.22,FAMILY DISTURBANCE,0.02
4530024241.0,FAMILY DISTURBANCE,1.0,WARRANT ARREST NON TRAFFIC,0.0,CUSTODY ARREST TRAFFIC WARR,0.0
4530003052.0,BURGLARY OF VEHICLE,0.64,BURGLARY OF RESIDENCE,0.26,FAMILY DISTURBANCE,0.1
4530451001.0,THEFT,0.84,HARASSMENT,0.16,WARRANT ARREST NON TRAFFIC,0.0
4530024371.0,DWI,1.0,WARRANT ARREST NON TRAFFIC,0.0,CUSTODY ARREST TRAFFIC WARR,0.0
4530457002.0,WARRANT ARREST NON TRAFFIC,0.6,THEFT,0.38,DISTURBANCE - OTHER,0.02
4530016034.0,BURGLARY OF VEHICLE,1.0,WARRANT ARREST NON TRAFFIC,0.0,THEFT BY SHOPLIFTING,0.0
4530013043.0,BURGLARY OF RESIDENCE,0.92,FAMILY DISTURBANCE,0.08,WARRANT ARREST NON TRAFFIC,0.0
4530418002.0,FAMILY DISTURBANCE,1.0,WARRANT ARREST NON TRAFFIC,0.0,CUSTODY ARREST TRAFFIC WARR,0.0
4910207011.0,CUSTODY ARREST TRAFFIC WARR,0.76,DWI,0.22,CRIMINAL MISCHIEF,0.02
4530001012.0,DWI,0.98,ASSAULT W/INJURY-FAM/DATE VIOL,0.02,CUSTODY ARREST TRAFFIC WARR,0.0
4530024321.0,FAMILY DISTURBANCE,0.92,ASSAULT W/INJURY-FAM/DATE VIOL,0.06,BURGLARY NON RESIDENCE,0.02
4530418001.0,BURGLARY OF VEHICLE,1.0,WARRANT ARREST NON TRAFFIC,0.0,THEFT BY SHOPLIFTING,0.0
4530338001.0,BURGLARY OF VEHICLE,0.8,DWI,0.16,CRIMINAL MISCHIEF,0.04
4530424001.0,FAMILY DISTURBANCE,0.68,BURGLARY OF VEHICLE,0.3,HARASSMENT,0.02
4530404003.0,BURGLARY NON RESIDENCE,0.82,THEFT BY SHOPLIFTING,0.16,THEFT,0.02
4530408002.0,FAMILY DISTURBANCE,1.0,WARRANT ARREST NON TRAFFIC,0.0,CUSTODY ARREST TRAFFIC WARR,0.0
4530303003.0,POSSESSION OF MARIJUANA,0.66,BURGLARY OF VEHICLE,0.34,WARRANT ARREST NON TRAFFIC,0.0
4530343001.0,CRIMINAL MISCHIEF,0.56,FAMILY DISTURBANCE,0.44,WARRANT ARREST NON TRAFFIC,0.0
4530025001.0,BURGLARY OF VEHICLE,0.62,ASSAULT W/INJURY-FAM/DATE VIOL,0.32,FAMILY DISTURBANCE,0.04
4530317001.0,BURGLARY OF VEHICLE,1.0,WARRANT ARREST NON TRAFFIC,0.0,THEFT BY SHOPLIFTING,0.0
4530312003.0,CRIMINAL MISCHIEF,0.58,DWI,0.34,BURGLARY OF VEHICLE,0.08
4530332002.0,FAMILY DISTURBANCE,0.92,CRIMINAL MISCHIEF,0.06,BURGLARY OF VEHICLE,0.02
4530326001.0,BURGLARY OF VEHICLE,0.78,DWI,0.22,WARRANT ARREST NON TRAFFIC,0.0
4910204051.0,BURGLARY OF VEHICLE,0.98,CRIMINAL MISCHIEF,0.02,WARRANT ARREST NON TRAFFIC,0.0
4530019142.0,BURGLARY OF VEHICLE,0.96,DWI,0.04,WARRANT ARREST NON TRAFFIC,0.0
4910204032.0,BURGLARY OF VEHICLE,0.7,THEFT,0.3,WARRANT ARREST NON TRAFFIC,0.0
4530023251.0,CUSTODY ARREST TRAFFIC WARR,0.72,AUTO THEFT,0.24,DWI,0.04
4530019192.0,BURGLARY OF VEHICLE,0.82,FAMILY DISTURBANCE,0.1,CUSTODY ARREST TRAFFIC WARR,0.08
4530023141.0,BURGLARY OF VEHICLE,1.0,WARRANT ARREST NON TRAFFIC,0.0,THEFT BY SHOPLIFTING,0.0
4530021073.0,FAMILY DISTURBANCE,1.0,WARRANT ARREST NON TRAFFIC,0.0,CUSTODY ARREST TRAFFIC WARR,0.0
4530330002.0,FAMILY DISTURBANCE,1.0,WARRANT ARREST NON TRAFFIC,0.0,CUSTODY ARREST TRAFFIC WARR,0.0
4530413003.0,FAMILY DISTURBANCE,1.0,WARRANT ARREST NON TRAFFIC,0.0,CUSTODY ARREST TRAFFIC WARR,0.0
4530346002.0,FAMILY DISTURBANCE,0.94,BURGLARY OF VEHICLE,0.06,WARRANT ARREST NON TRAFFIC,0.0
4530419002.0,FAMILY DISTURBANCE,1.0,WARRANT ARREST NON TRAFFIC,0.0,CUSTODY ARREST TRAFFIC WARR,0.0
4530300003.0,BURGLARY OF VEHICLE,0.96,THEFT,0.04,WARRANT ARREST NON TRAFFIC,0.0
4530439002.0,BURGLARY OF VEHICLE,0.82,DWI,0.1,CRIMINAL MISCHIEF,0.08
4530003092.0,FAMILY DISTURBANCE,0.74,THEFT,0.22,BURGLARY OF VEHICLE,0.04
4530024452.0,THEFT,0.54,FAMILY DISTURBANCE,0.46,WARRANT ARREST NON TRAFFIC,0.0
4530309003.0,FAMILY DISTURBANCE,0.98,BURGLARY OF VEHICLE,0.02,WARRANT ARREST NON TRAFFIC,0.0
4530317003.0,FAMILY DISTURBANCE,1.0,WARRANT ARREST NON TRAFFIC,0.0,CUSTODY ARREST TRAFFIC WARR,0.0
4530016035.0,DWI,0.7,BURGLARY OF VEHICLE,0.28,FAMILY DISTURBANCE,0.02
4530002031.0,BURGLARY OF VEHICLE,0.78,THEFT,0.18,BURGLARY NON RESIDENCE,0.02
4530343002.0,DWI,0.82,CRIMINAL MISCHIEF,0.14,BURGLARY OF VEHICLE,0.04
4530024193.0,FAMILY DISTURBANCE,1.0,WARRANT ARREST NON TRAFFIC,0.0,CUSTODY ARREST TRAFFIC WARR,0.0
4530432001.0,FAMILY DISTURBANCE,1.0,WARRANT ARREST NON TRAFFIC,0.0,CUSTODY ARREST TRAFFIC WARR,0.0
4530339002.0,CRIMINAL MISCHIEF,0.74,ASSAULT W/INJURY-FAM/DATE VIOL,0.16,HARASSMENT,0.1
4530024301.0,FAMILY DISTURBANCE,1.0,WARRANT ARREST NON TRAFFIC,0.0,CUSTODY ARREST TRAFFIC WARR,0.0
4530341002.0,CUSTODY ARREST TRAFFIC WARR,0.7,DWI,0.28,DISTURBANCE - OTHER,0.02
4530022133.0,DWI,0.78,BURGLARY OF VEHICLE,0.22,WARRANT ARREST NON TRAFFIC,0.0
4530438002.0,CRIMINAL MISCHIEF,0.6,BURGLARY OF VEHICLE,0.32,DWI,0.08
4530310002.0,BURGLARY OF VEHICLE,0.72,DWI,0.26,CRIMINAL MISCHIEF,0.02
4530435001.0,THEFT,0.98,BURGLARY NON RESIDENCE,0.02,WARRANT ARREST NON TRAFFIC,0.0
4530024072.0,POSSESSION OF MARIJUANA,0.62,CRIMINAL MISCHIEF,0.28,ASSAULT WITH INJURY,0.06
4530016042.0,BURGLARY OF VEHICLE,0.88,BURGLARY OF RESIDENCE,0.12,WARRANT ARREST NON TRAFFIC,0.0
4530309005.0,BURGLARY OF VEHICLE,0.9,DWI,0.1,WARRANT ARREST NON TRAFFIC,0.0
4530320001.0,BURGLARY OF VEHICLE,1.0,WARRANT ARREST NON TRAFFIC,0.0,THEFT BY SHOPLIFTING,0.0
4530320006.0,THEFT,1.0,WARRANT ARREST NON TRAFFIC,0.0,CUSTODY ARREST TRAFFIC WARR,0.0
4530318003.0,FAMILY DISTURBANCE,1.0,WARRANT ARREST NON TRAFFIC,0.0,CUSTODY ARREST TRAFFIC WARR,0.0
4530418003.0,BURGLARY OF VEHICLE,0.92,DWI,0.08,WARRANT ARREST NON TRAFFIC,0.0
4530022131.0,FAMILY DISTURBANCE,1.0,WARRANT ARREST NON TRAFFIC,0.0,CUSTODY ARREST TRAFFIC WARR,0.0
4530307001.0,DWI,0.64,BURGLARY OF VEHICLE,0.36,WARRANT ARREST NON TRAFFIC,0.0
4530001011.0,DWI,0.96,ASSAULT W/INJURY-FAM/DATE VIOL,0.04,CUSTODY ARREST TRAFFIC WARR,0.0
4530023145.0,DWI,0.9,CUSTODY ARREST TRAFFIC WARR,0.1,WARRANT ARREST NON TRAFFIC,0.0
4910204112.0,DWI,0.96,BURGLARY OF VEHICLE,0.04,WARRANT ARREST NON TRAFFIC,0.0
4530345001.0,DISTURBANCE - OTHER,0.76,DWI,0.24,CUSTODY ARREST TRAFFIC WARR,0.0
4530319001.0,FAMILY DISTURBANCE,1.0,WARRANT ARREST NON TRAFFIC,0.0,CUSTODY ARREST TRAFFIC WARR,0.0
4530358001.0,FAMILY DISTURBANCE,0.78,BURGLARY OF RESIDENCE,0.2,HARASSMENT,0.02
4530347002.0,FAMILY DISTURBANCE,0.74,BURGLARY OF VEHICLE,0.26,WARRANT ARREST NON TRAFFIC,0.0
4530305002.0,FAMILY DISTURBANCE,1.0,WARRANT ARREST NON TRAFFIC,0.0,CUSTODY ARREST TRAFFIC WARR,0.0
4530019202.0,FAMILY DISTURBANCE,0.96,CUSTODY ARREST TRAFFIC WARR,0.02,BURGLARY OF VEHICLE,0.02
4530421002.0,THEFT,0.98,BURGLARY NON RESIDENCE,0.02,WARRANT ARREST NON TRAFFIC,0.0
4530308003.0,BURGLARY OF VEHICLE,1.0,WARRANT ARREST NON TRAFFIC,0.0,THEFT BY SHOPLIFTING,0.0
4530001013.0,BURGLARY OF VEHICLE,0.94,THEFT,0.06,WARRANT ARREST NON TRAFFIC,0.0
4530431003.0,FAMILY DISTURBANCE,1.0,WARRANT ARREST NON TRAFFIC,0.0,CUSTODY ARREST TRAFFIC WARR,0.0
4530322002.0,BURGLARY NON RESIDENCE,0.68,THEFT,0.3,BURGLARY OF VEHICLE,0.02
4530337002.0,BURGLARY OF VEHICLE,1.0,WARRANT ARREST NON TRAFFIC,0.0,THEFT BY SHOPLIFTING,0.0
4530338003.0,BURGLARY OF VEHICLE,0.88,CUSTODY ARREST TRAFFIC WARR,0.08,HARASSMENT,0.02
4530024451.0,FAMILY DISTURBANCE,0.9,THEFT,0.1,WARRANT ARREST NON TRAFFIC,0.0
4530016061.0,DWI,1.0,WARRANT ARREST NON TRAFFIC,0.0,CUSTODY ARREST TRAFFIC WARR,0.0
4530430001.0,DWI,0.8,THEFT,0.2,WARRANT ARREST NON TRAFFIC,0.0
4530015032.0,FAMILY DISTURBANCE,0.94,BURGLARY OF VEHICLE,0.06,WARRANT ARREST NON TRAFFIC,0.0
4530320005.0,FAMILY DISTURBANCE,1.0,WARRANT ARREST NON TRAFFIC,0.0,CUSTODY ARREST TRAFFIC WARR,0.0
4530023191.0,THEFT,0.96,CUSTODY ARREST TRAFFIC WARR,0.04,WARRANT ARREST NON TRAFFIC,0.0
4530300002.0,BURGLARY OF VEHICLE,0.72,THEFT,0.26,FAMILY DISTURBANCE,0.02
4530306005.0,BURGLARY OF VEHICLE,1.0,WARRANT ARREST NON TRAFFIC,0.0,THEFT BY SHOPLIFTING,0.0
4530313002.0,CRIMINAL MISCHIEF,0.66,DWI,0.32,BURGLARY OF VEHICLE,0.02
4530367003.0,THEFT,1.0,WARRANT ARREST NON TRAFFIC,0.0,CUSTODY ARREST TRAFFIC WARR,0.0
4530344002.0,FAMILY DISTURBANCE,1.0,WARRANT ARREST NON TRAFFIC,0.0,CUSTODY ARREST TRAFFIC WARR,0.0
4530429002.0,BURGLARY OF VEHICLE,0.78,AUTO THEFT,0.22,WARRANT ARREST NON TRAFFIC,0.0
4530442001.0,BURGLARY OF VEHICLE,0.56,AUTO THEFT,0.44,WARRANT ARREST NON TRAFFIC,0.0
4530023261.0,BURGLARY OF RESIDENCE,0.68,FAMILY DISTURBANCE,0.32,WARRANT ARREST NON TRAFFIC,0.0
4530307002.0,DWI,0.88,BURGLARY OF VEHICLE,0.1,CUSTODY ARREST TRAFFIC WARR,0.02
4530016033.0,DWI,0.88,BURGLARY OF VEHICLE,0.12,WARRANT ARREST NON TRAFFIC,0.0
4530302003.0,DISTURBANCE - OTHER,0.66,THEFT,0.18,BURGLARY NON RESIDENCE,0.16
4530348003.0,BURGLARY OF VEHICLE,0.9,HARASSMENT,0.1,WARRANT ARREST NON TRAFFIC,0.0
4530307003.0,BURGLARY OF VEHICLE,0.92,FAMILY DISTURBANCE,0.08,WARRANT ARREST NON TRAFFIC,0.0
4530020071.0,BURGLARY OF VEHICLE,0.7,CRIMINAL TRESPASS,0.2,FAMILY DISTURBANCE,0.1
4530416002.0,DWI,1.0,WARRANT ARREST NON TRAFFIC,0.0,CUSTODY ARREST TRAFFIC WARR,0.0
4530020043.0,FAMILY DISTURBANCE,1.0,WARRANT ARREST NON TRAFFIC,0.0,CUSTODY ARREST TRAFFIC WARR,0.0
4910203113.0,THEFT,0.76,BURGLARY NON RESIDENCE,0.2,CRIMINAL MISCHIEF,0.04
4530423002.0,BURGLARY OF VEHICLE,0.72,ASSAULT W/INJURY-FAM/DATE VIOL,0.18,FAMILY DISTURBANCE,0.1
4530002062.0,BURGLARY OF VEHICLE,0.9,DWI,0.1,WARRANT ARREST NON TRAFFIC,0.0
4530305003.0,FAMILY DISTURBANCE,0.98,BURGLARY OF VEHICLE,0.02,WARRANT ARREST NON TRAFFIC,0.0
4530016044.0,BURGLARY OF VEHICLE,0.76,BURGLARY OF RESIDENCE,0.24,WARRANT ARREST NON TRAFFIC,0.0
4530300004.0,BURGLARY OF VEHICLE,1.0,WARRANT ARREST NON TRAFFIC,0.0,THEFT BY SHOPLIFTING,0.0
4530350001.0,THEFT,0.78,HARASSMENT,0.22,WARRANT ARREST NON TRAFFIC,0.0
4530024071.0,DWI,1.0,WARRANT ARREST NON TRAFFIC,0.0,CUSTODY ARREST TRAFFIC WARR,0.0
4530019211.0,BURGLARY NON RESIDENCE,0.96,THEFT,0.02,CRIMINAL MISCHIEF,0.02
4530337001.0,CRIMINAL MISCHIEF,0.66,DWI,0.34,WARRANT ARREST NON TRAFFIC,0.0
4910205083.0,THEFT,0.74,BURGLARY NON RESIDENCE,0.26,WARRANT ARREST NON TRAFFIC,0.0
4530019203.0,THEFT,0.9,BURGLARY NON RESIDENCE,0.1,WARRANT ARREST NON TRAFFIC,0.0
4530022192.0,BURGLARY OF VEHICLE,0.66,ASSAULT WITH INJURY,0.28,THEFT,0.06
4530429001.0,DWI,0.88,THEFT,0.06,POSSESSION OF MARIJUANA,0.06
4530016053.0,BURGLARY OF VEHICLE,0.98,ASSAULT WITH INJURY,0.02,WARRANT ARREST NON TRAFFIC,0.0
4530019121.0,BURGLARY OF VEHICLE,0.58,FAMILY DISTURBANCE,0.32,THEFT,0.1
4530347003.0,CRIMINAL TRESPASS,0.7,CRIMINAL MISCHIEF,0.2,BURGLARY OF VEHICLE,0.1
4530305001.0,DWI,0.62,BURGLARY OF VEHICLE,0.38,WARRANT ARREST NON TRAFFIC,0.0
4530312001.0,DWI,0.94,CRIMINAL MISCHIEF,0.04,BURGLARY OF VEHICLE,0.02
4530348002.0,BURGLARY OF VEHICLE,0.72,DWI,0.28,WARRANT ARREST NON TRAFFIC,0.0
4530449002.0,FAMILY DISTURBANCE,1.0,WARRANT ARREST NON TRAFFIC,0.0,CUSTODY ARREST TRAFFIC WARR,0.0
4530420001.0,FAMILY DISTURBANCE,0.84,BURGLARY OF VEHICLE,0.16,WARRANT ARREST NON TRAFFIC,0.0
4530421003.0,DWI,0.9,BURGLARY OF VEHICLE,0.1,WARRANT ARREST NON TRAFFIC,0.0
4530329003.0,FAMILY DISTURBANCE,1.0,WARRANT ARREST NON TRAFFIC,0.0,CUSTODY ARREST TRAFFIC WARR,0.0
4530347001.0,BURGLARY OF VEHICLE,0.8,FAMILY DISTURBANCE,0.2,WARRANT ARREST NON TRAFFIC,0.0
4530019131.0,BURGLARY OF VEHICLE,0.92,DWI,0.08,WARRANT ARREST NON TRAFFIC,0.0
4530022161.0,CUSTODY ARREST TRAFFIC WARR,0.74,THEFT,0.2,ASSAULT W/INJURY-FAM/DATE VIOL,0.06
4530022162.0,CUSTODY ARREST TRAFFIC WARR,0.88,HARASSMENT,0.08,ASSAULT W/INJURY-FAM/DATE VIOL,0.02
4530338002.0,FAMILY DISTURBANCE,0.94,BURGLARY OF VEHICLE,0.04,CRIMINAL MISCHIEF,0.02
4530300001.0,THEFT,0.72,FAMILY DISTURBANCE,0.2,BURGLARY OF VEHICLE,0.08
4910204081.0,THEFT,0.98,BURGLARY NON RESIDENCE,0.02,WARRANT ARREST NON TRAFFIC,0.0
4530358002.0,THEFT,0.92,BURGLARY NON RESIDENCE,0.04,BURGLARY OF RESIDENCE,0.04
4530023273.0,BURGLARY OF VEHICLE,0.74,DWI,0.24,CUSTODY ARREST TRAFFIC WARR,0.02
4530024461.0,BURGLARY NON RESIDENCE,0.58,CRIMINAL MISCHIEF,0.32,CRIMINAL TRESPASS,0.06
4530447001.0,CUSTODY ARREST TRAFFIC WARR,0.74,FAMILY DISTURBANCE,0.24,ASSAULT W/INJURY-FAM/DATE VIOL,0.02
4530371002.0,FAMILY DISTURBANCE,0.64,ASSAULT W/INJURY-FAM/DATE VIOL,0.36,CUSTODY ARREST TRAFFIC WARR,0.0
4530019101.0,BURGLARY OF VEHICLE,0.72,ASSAULT WITH INJURY,0.2,CRIMINAL MISCHIEF,0.06
4530342001.0,FAMILY DISTURBANCE,1.0,WARRANT ARREST NON TRAFFIC,0.0,CUSTODY ARREST TRAFFIC WARR,0.0
4530320003.0,DWI,0.94,BURGLARY OF VEHICLE,0.06,WARRANT ARREST NON TRAFFIC,0.0
4530346003.0,CRIMINAL MISCHIEF,0.64,POSS CONTROLLED SUB/NARCOTIC,0.36,WARRANT ARREST NON TRAFFIC,0.0
4530024073.0,DWI,0.96,BURGLARY OF VEHICLE,0.04,WARRANT ARREST NON TRAFFIC,0.0
4530367004.0,CRIMINAL MISCHIEF,0.66,BURGLARY OF VEHICLE,0.34,WARRANT ARREST NON TRAFFIC,0.0
4910205162.0,BURGLARY OF VEHICLE,0.82,CRIMINAL MISCHIEF,0.12,DWI,0.06
4530372003.0,BURGLARY OF VEHICLE,0.76,CRIMINAL MISCHIEF,0.22,POSS OF DRUG PARAPHERNALIA,0.02
4910203562.0,DWI,0.76,CUSTODY ARREST TRAFFIC WARR,0.22,BURGLARY OF VEHICLE,0.02
4530450001.0,BURGLARY OF VEHICLE,1.0,WARRANT ARREST NON TRAFFIC,0.0,THEFT BY SHOPLIFTING,0.0
4530424002.0,BURGLARY OF VEHICLE,0.9,AUTO THEFT,0.1,WARRANT ARREST NON TRAFFIC,0.0
4530024401.0,CRIMINAL MISCHIEF,0.62,BURGLARY OF VEHICLE,0.38,WARRANT ARREST NON TRAFFIC,0.0
4910204082.0,FAMILY DISTURBANCE,0.64,ASSAULT W/INJURY-FAM/DATE VIOL,0.34,ASSAULT WITH INJURY,0.02
4910205171.0,THEFT,0.7,CRIMINAL MISCHIEF,0.24,BURGLARY NON RESIDENCE,0.06
4530441002.0,BURGLARY OF VEHICLE,0.64,DWI,0.36,WARRANT ARREST NON TRAFFIC,0.0
4530019122.0,THEFT,0.7,BURGLARY OF VEHICLE,0.28,FAMILY DISTURBANCE,0.02
4530024372.0,DWI,0.96,BURGLARY OF VEHICLE,0.04,WARRANT ARREST NON TRAFFIC,0.0
4530326003.0,BURGLARY OF VEHICLE,0.98,FAMILY DISTURBANCE,0.02,WARRANT ARREST NON TRAFFIC,0.0
4530351001.0,THEFT,0.96,HARASSMENT,0.04,WARRANT ARREST NON TRAFFIC,0.0
4530022151.0,ASSAULT W/INJURY-FAM/DATE VIOL,0.78,FAMILY DISTURBANCE,0.14,THEFT,0.06
4530024492.0,CUSTODY ARREST TRAFFIC WARR,0.6,FAMILY DISTURBANCE,0.28,HARASSMENT,0.12
4910205094.0,FAMILY DISTURBANCE,0.86,HARASSMENT,0.14,WARRANT ARREST NON TRAFFIC,0.0
4530330003.0,FAMILY DISTURBANCE,1.0,WARRANT ARREST NON TRAFFIC,0.0,CUSTODY ARREST TRAFFIC WARR,0.0
4530454002.0,THEFT,0.96,HARASSMENT,0.04,WARRANT ARREST NON TRAFFIC,0.0
4530339001.0,HARASSMENT,0.68,BURGLARY OF VEHICLE,0.22,CRIMINAL MISCHIEF,0.06
4910205122.0,CRIMINAL MISCHIEF,0.58,DWI,0.26,WARRANT ARREST NON TRAFFIC,0.06
4530367002.0,THEFT,1.0,WARRANT ARREST NON TRAFFIC,0.0,CUSTODY ARREST TRAFFIC WARR,0.0
4910215103.0,BURGLARY OF VEHICLE,0.66,ASSAULT W/INJURY-FAM/DATE VIOL,0.2,DWI,0.14
4530019132.0,THEFT,0.58,BURGLARY OF VEHICLE,0.42,WARRANT ARREST NON TRAFFIC,0.0
4530003093.0,BURGLARY OF VEHICLE,0.92,DWI,0.06,CUSTODY ARREST TRAFFIC WARR,0.02
4910203111.0,THEFT,0.92,THEFT BY SHOPLIFTING,0.08,WARRANT ARREST NON TRAFFIC,0.0
4910203262.0,CRIMINAL MISCHIEF,0.62,WARRANT ARREST NON TRAFFIC,0.22,DWI,0.16
4910206072.0,HARASSMENT,0.52,BURGLARY NON RESIDENCE,0.32,THEFT BY SHOPLIFTING,0.1
4910204103.0,BURGLARY NON RESIDENCE,0.24,DISTURBANCE - OTHER,0.16,CRIMINAL MISCHIEF,0.14
4910205031.0,DWI,0.66,CRIMINAL TRESPASS,0.22,ASSAULT W/INJURY-FAM/DATE VIOL,0.06
2090109223.0,POSS CONTROLLED SUB/NARCOTIC,0.56,ASSAULT W/INJURY-FAM/DATE VIOL,0.38,CUSTODY ARREST TRAFFIC WARR,0.04
4530366001.0,ASSAULT W/INJURY-FAM/DATE VIOL,0.5,FAMILY DISTURBANCE,0.46,BURGLARY OF RESIDENCE,0.02
4530314002.0,CRIMINAL MISCHIEF,0.7,POSSESSION OF MARIJUANA,0.22,ASSAULT WITH INJURY,0.08
4530022211.0,ASSAULT W/INJURY-FAM/DATE VIOL,0.64,FAMILY DISTURBANCE,0.34,HARASSMENT,0.02
4910215132.0,ASSAULT W/INJURY-FAM/DATE VIOL,0.6,BURGLARY OF VEHICLE,0.26,DWI,0.14
4530444003.0,THEFT,0.66,WARRANT ARREST NON TRAFFIC,0.24,DWI,0.06
4910207121.0,BURGLARY OF RESIDENCE,0.56,ASSAULT W/INJURY-FAM/DATE VIOL,0.32,DISTURBANCE - OTHER,0.08
4530443001.0,DWI,0.94,BURGLARY OF VEHICLE,0.06,WARRANT ARREST NON TRAFFIC,0.0
4910206041.0,BURGLARY OF VEHICLE,0.8,CRIMINAL MISCHIEF,0.2,WARRANT ARREST NON TRAFFIC,0.0
4530024402.0,FAMILY DISTURBANCE,1.0,WARRANT ARREST NON TRAFFIC,0.0,CUSTODY ARREST TRAFFIC WARR,0.0
4530464002.0,CRIMINAL MISCHIEF,0.58,POSSESSION OF MARIJUANA,0.28,ASSAULT W/INJURY-FAM/DATE VIOL,0.14
4530022194.0,HARASSMENT,0.52,ASSAULT W/INJURY-FAM/DATE VIOL,0.34,FAMILY DISTURBANCE,0.14
4530024361.0,ASSAULT W/INJURY-FAM/DATE VIOL,0.54,BURGLARY OF VEHICLE,0.28,AUTO THEFT,0.18
4910204113.0,BURGLARY NON RESIDENCE,0.2,CRIMINAL MISCHIEF,0.16,DISTURBANCE - OTHER,0.14
4910205111.0,ASSAULT W/INJURY-FAM/DATE VIOL,0.62,DWI,0.3,BURGLARY OF VEHICLE,0.08
2090109123.0,BURGLARY OF VEHICLE,0.24,ASSAULT WITH INJURY,0.16,THEFT,0.12
4530019191.0,DWI,0.72,BURGLARY OF VEHICLE,0.28,WARRANT ARREST NON TRAFFIC,0.0
4910205132.0,ASSAULT W/INJURY-FAM/DATE VIOL,0.9,BURGLARY OF RESIDENCE,0.06,HARASSMENT,0.04
4530024341.0,DWI,1.0,WARRANT ARREST NON TRAFFIC,0.0,CUSTODY ARREST TRAFFIC WARR,0.0
4910203112.0,FAMILY DISTURBANCE,0.98,BURGLARY OF VEHICLE,0.02,WARRANT ARREST NON TRAFFIC,0.0
4910203102.0,BURGLARY OF VEHICLE,0.72,FAMILY DISTURBANCE,0.26,ASSAULT W/INJURY-FAM/DATE VIOL,0.02
4530311001.0,BURGLARY OF VEHICLE,1.0,WARRANT ARREST NON TRAFFIC,0.0,THEFT BY SHOPLIFTING,0.0
4530435002.0,THEFT,1.0,WARRANT ARREST NON TRAFFIC,0.0,CUSTODY ARREST TRAFFIC WARR,0.0
4530430003.0,CRIMINAL MISCHIEF,0.62,THEFT,0.38,WARRANT ARREST NON TRAFFIC,0.0
4530456002.0,ASSAULT W/INJURY-FAM/DATE VIOL,0.72,DWI,0.26,BURGLARY OF VEHICLE,0.02
4530022172.0,CUSTODY ARREST TRAFFIC WARR,0.66,BURGLARY OF VEHICLE,0.2,ASSAULT W/INJURY-FAM/DATE VIOL,0.06
4530019171.0,BURGLARY OF VEHICLE,0.98,DWI,0.02,WARRANT ARREST NON TRAFFIC,0.0
4910205161.0,THEFT,0.62,BURGLARY NON RESIDENCE,0.3,CRIMINAL MISCHIEF,0.08
4910204111.0,DWI,0.96,BURGLARY OF VEHICLE,0.04,WARRANT ARREST NON TRAFFIC,0.0
4530019161.0,BURGLARY OF VEHICLE,0.76,HARASSMENT,0.22,FAMILY DISTURBANCE,0.02
4910203332.0,ASSAULT W/INJURY-FAM/DATE VIOL,0.6,POSS CONTROLLED SUB/NARCOTIC,0.24,THEFT,0.16
4530333003.0,THEFT,0.66,BURGLARY NON RESIDENCE,0.34,WARRANT ARREST NON TRAFFIC,0.0
4910203263.0,WARRANT ARREST NON TRAFFIC,0.58,CRIMINAL MISCHIEF,0.26,DWI,0.16
4910204104.0,DWI,0.74,BURGLARY OF VEHICLE,0.26,WARRANT ARREST NON TRAFFIC,0.0
4910204091.0,BURGLARY OF VEHICLE,0.74,FAMILY DISTURBANCE,0.26,WARRANT ARREST NON TRAFFIC,0.0
4910203493.0,DISTURBANCE - OTHER,0.22,BURGLARY OF VEHICLE,0.18,THEFT,0.14
4530415002.0,BURGLARY OF VEHICLE,0.56,DWI,0.44,WARRANT ARREST NON TRAFFIC,0.0
4910205131.0,ASSAULT W/INJURY-FAM/DATE VIOL,0.66,HARASSMENT,0.26,BURGLARY OF RESIDENCE,0.08
2090109232.0,CUSTODY ARREST TRAFFIC WARR,0.58,BURGLARY NON RESIDENCE,0.18,THEFT,0.14
4530457003.0,THEFT,0.92,HARASSMENT,0.08,WARRANT ARREST NON TRAFFIC,0.0
4530019212.0,HARASSMENT,0.7,FAMILY DISTURBANCE,0.3,WARRANT ARREST NON TRAFFIC,0.0
4530455002.0,CRIMINAL MISCHIEF,0.62,AUTO THEFT,0.22,BURGLARY OF VEHICLE,0.12
4910206022.0,AUTO THEFT,0.6,BURGLARY NON RESIDENCE,0.2,HARASSMENT,0.16
4910203362.0,CUSTODY ARREST TRAFFIC WARR,0.64,CRIMINAL MISCHIEF,0.18,POSSESSION OF MARIJUANA,0.16
4530024533.0,ASSAULT W/INJURY-FAM/DATE VIOL,0.64,FAMILY DISTURBANCE,0.18,BURGLARY OF VEHICLE,0.16
4910215031.0,THEFT,0.58,AUTO THEFT,0.34,CRIMINAL MISCHIEF,0.08
4530024501.0,HARASSMENT,0.68,CUSTODY ARREST TRAFFIC WARR,0.22,FAMILY DISTURBANCE,0.1
4530019173.0,BURGLARY OF VEHICLE,0.92,HARASSMENT,0.08,WARRANT ARREST NON TRAFFIC,0.0
4530311002.0,DWI,0.72,CRIMINAL MISCHIEF,0.22,BURGLARY OF VEHICLE,0.06
4530332001.0,BURGLARY OF VEHICLE,0.94,CRIMINAL MISCHIEF,0.06,WARRANT ARREST NON TRAFFIC,0.0
4530024532.0,THEFT,0.72,AUTO THEFT,0.28,WARRANT ARREST NON TRAFFIC,0.0
4530455001.0,CRIMINAL MISCHIEF,0.64,FAMILY DISTURBANCE,0.2,HARASSMENT,0.16
4530333002.0,CRIMINAL MISCHIEF,0.88,BURGLARY OF VEHICLE,0.08,FAMILY DISTURBANCE,0.04
4530022181.0,POSS CONTROLLED SUB/NARCOTIC,0.68,CUSTODY ARREST TRAFFIC WARR,0.2,AUTO THEFT,0.06
4530449001.0,FAMILY DISTURBANCE,0.86,CUSTODY ARREST TRAFFIC WARR,0.14,WARRANT ARREST NON TRAFFIC,0.0
4530445003.0,DWI,0.94,POSS CONTROLLED SUB/NARCOTIC,0.04,THEFT,0.02
4530024453.0,FAMILY DISTURBANCE,0.78,THEFT,0.22,WARRANT ARREST NON TRAFFIC,0.0
4530022152.0,THEFT,0.66,ASSAULT W/INJURY-FAM/DATE VIOL,0.26,CUSTODY ARREST TRAFFIC WARR,0.06
4530430002.0,HARASSMENT,0.7,CUSTODY ARREST TRAFFIC WARR,0.16,ASSAULT W/INJURY-FAM/DATE VIOL,0.1
4530333001.0,CRIMINAL MISCHIEF,0.74,FAMILY DISTURBANCE,0.24,BURGLARY OF VEHICLE,0.02
4910203351.0,DISTURBANCE - OTHER,0.2,THEFT,0.16,BURGLARY OF VEHICLE,0.16
4530024322.0,ASSAULT W/INJURY-FAM/DATE VIOL,0.7,FAMILY DISTURBANCE,0.2,BURGLARY NON RESIDENCE,0.1
4530436001.0,ASSAULT W/INJURY-FAM/DATE VIOL,0.68,FAMILY DISTURBANCE,0.28,BURGLARY OF VEHICLE,0.04
4530349002.0,POSS CONTROLLED SUB/NARCOTIC,0.5,DWI,0.38,BURGLARY OF VEHICLE,0.12
4530448001.0,BURGLARY OF VEHICLE,0.24,THEFT,0.2,CRIMINAL TRESPASS,0.14
4910203342.0,BURGLARY OF VEHICLE,0.6,CRIMINAL MISCHIEF,0.36,AUTO THEFT,0.04
4910207091.0,ASSAULT W/INJURY-FAM/DATE VIOL,0.7,PUBLIC INTOXICATION,0.2,BURGLARY OF VEHICLE,0.08
4910204031.0,DWI,0.86,CUSTODY ARREST TRAFFIC WARR,0.08,BURGLARY OF VEHICLE,0.06
4530446001.0,ASSAULT W/INJURY-FAM/DATE VIOL,0.64,HARASSMENT,0.22,FAMILY DISTURBANCE,0.08
2090109133.0,BURGLARY OF VEHICLE,0.24,ASSAULT WITH INJURY,0.16,THEFT,0.12
4530315004.0,ASSAULT W/INJURY-FAM/DATE VIOL,0.68,THEFT,0.26,CRIMINAL MISCHIEF,0.04
4530423001.0,ASSAULT W/INJURY-FAM/DATE VIOL,0.68,FAMILY DISTURBANCE,0.24,BURGLARY OF VEHICLE,0.08
4530446002.0,FAMILY DISTURBANCE,0.7,ASSAULT W/INJURY-FAM/DATE VIOL,0.2,CUSTODY ARREST TRAFFIC WARR,0.06
4530024491.0,THEFT,0.9,HARASSMENT,0.1,WARRANT ARREST NON TRAFFIC,0.0
4910203363.0,CRIMINAL MISCHIEF,0.66,ASSAULT WITH INJURY,0.12,THEFT,0.1
4530426002.0,HARASSMENT,0.64,ASSAULT W/INJURY-FAM/DATE VIOL,0.34,FAMILY DISTURBANCE,0.02
4530314001.0,THEFT,0.68,BURGLARY OF VEHICLE,0.22,ASSAULT W/INJURY-FAM/DATE VIOL,0.1
4530314003.0,CRIMINAL MISCHIEF,0.8,THEFT BY SHOPLIFTING,0.1,THEFT,0.08
4910205173.0,THEFT,0.52,DISTURBANCE - OTHER,0.26,FAMILY DISTURBANCE,0.18
4910205093.0,FAMILY DISTURBANCE,0.78,HARASSMENT,0.22,WARRANT ARREST NON TRAFFIC,0.0
4910203451.0,DWI,0.64,CRIMINAL MISCHIEF,0.22,DISTURBANCE - OTHER,0.14
4530356002.0,POSS CONTROLLED SUB/NARCOTIC,0.58,BURGLARY OF RESIDENCE,0.3,FAMILY DISTURBANCE,0.12
4530019181.0,THEFT,0.7,BURGLARY OF VEHICLE,0.3,WARRANT ARREST NON TRAFFIC,0.0
4910203551.0,POSS CONTROLLED SUB/NARCOTIC,0.56,AUTO THEFT,0.26,BURGLARY OF VEHICLE,0.18
4530340002.0,THEFT,0.62,ASSAULT W/INJURY-FAM/DATE VIOL,0.36,CRIMINAL MISCHIEF,0.02
4530022182.0,HARASSMENT,0.86,FAMILY DISTURBANCE,0.06,ASSAULT W/INJURY-FAM/DATE VIOL,0.04
4530370002.0,BURGLARY OF VEHICLE,1.0,WARRANT ARREST NON TRAFFIC,0.0,THEFT BY SHOPLIFTING,0.0
4530456001.0,POSS CONTROLLED SUB/NARCOTIC,0.58,WARRANT ARREST NON TRAFFIC,0.3,BURGLARY OF VEHICLE,0.1
4530459001.0,THEFT,0.3,BURGLARY OF VEHICLE,0.16,CRIMINAL TRESPASS,0.12
4910204052.0,CRIMINAL MISCHIEF,0.62,DWI,0.18,CUSTODY ARREST TRAFFIC WARR,0.14
4910204053.0,DWI,0.68,CRIMINAL MISCHIEF,0.3,CUSTODY ARREST TRAFFIC WARR,0.02
2090108151.0,HARASSMENT,0.6,FAMILY DISTURBANCE,0.26,ASSAULT W/INJURY-FAM/DATE VIOL,0.08
219508031.0,ASSAULT W/INJURY-FAM/DATE VIOL,0.94,HARASSMENT,0.04,POSS CONTROLLED SUB/NARCOTIC,0.02
4530350002.0,DISTURBANCE - OTHER,0.62,THEFT,0.26,HARASSMENT,0.06
4530022193.0,ASSAULT W/INJURY-FAM/DATE VIOL,0.64,FAMILY DISTURBANCE,0.24,HARASSMENT,0.12
4530340001.0,ASSAULT W/INJURY-FAM/DATE VIOL,0.8,CRIMINAL MISCHIEF,0.18,THEFT,0.02
4910207043.0,CUSTODY ARREST TRAFFIC WARR,0.8,BURGLARY OF VEHICLE,0.16,DWI,0.04
4530376001.0,ASSAULT W/INJURY-FAM/DATE VIOL,0.62,BURGLARY OF VEHICLE,0.24,FAMILY DISTURBANCE,0.14
4530469001.0,HARASSMENT,0.68,ASSAULT WITH INJURY,0.22,ASSAULT W/INJURY-FAM/DATE VIOL,0.06
4910207042.0,BURGLARY OF RESIDENCE,0.78,CRIMINAL TRESPASS,0.12,THEFT,0.1
4530445002.0,DWI,0.9,THEFT,0.08,POSS CONTROLLED SUB/NARCOTIC,0.02
4530444004.0,POSSESSION OF MARIJUANA,0.52,HARASSMENT,0.38,DISTURBANCE - OTHER,0.06
4530357002.0,BURGLARY OF RESIDENCE,0.58,POSS CONTROLLED SUB/NARCOTIC,0.26,FAMILY DISTURBANCE,0.16
4910215171.0,ASSAULT W/INJURY-FAM/DATE VIOL,0.7,THEFT,0.14,HARASSMENT,0.14
4530331003.0,CRIMINAL MISCHIEF,0.18,THEFT,0.18,BURGLARY OF VEHICLE,0.16
4530315003.0,BURGLARY OF VEHICLE,1.0,WARRANT ARREST NON TRAFFIC,0.0,THEFT BY SHOPLIFTING,0.0
4530003091.0,BURGLARY NON RESIDENCE,0.24,THEFT,0.2,BURGLARY OF VEHICLE,0.1
4530019162.0,HARASSMENT,0.78,BURGLARY OF VEHICLE,0.22,WARRANT ARREST NON TRAFFIC,0.0
4530428003.0,POSSESSION OF MARIJUANA,0.5,ASSAULT W/INJURY-FAM/DATE VIOL,0.48,FAMILY DISTURBANCE,0.02
4530457001.0,HARASSMENT,0.76,ASSAULT W/INJURY-FAM/DATE VIOL,0.24,CUSTODY ARREST TRAFFIC WARR,0.0
4910206023.0,BURGLARY OF VEHICLE,0.62,HARASSMENT,0.22,CUSTODY ARREST TRAFFIC WARR,0.08
4530329002.0,FAMILY DISTURBANCE,0.94,BURGLARY OF VEHICLE,0.06,WARRANT ARREST NON TRAFFIC,0.0
219508052.0,HARASSMENT,0.64,BURGLARY OF VEHICLE,0.28,ASSAULT W/INJURY-FAM/DATE VIOL,0.08
4530349003.0,DWI,0.78,POSS CONTROLLED SUB/NARCOTIC,0.2,ASSAULT W/INJURY-FAM/DATE VIOL,0.02
4910205121.0,BURGLARY OF RESIDENCE,0.62,HARASSMENT,0.32,ASSAULT W/INJURY-FAM/DATE VIOL,0.04
4530376003.0,THEFT,0.88,BURGLARY OF VEHICLE,0.1,CRIMINAL MISCHIEF,0.02
4910204061.0,FAMILY DISTURBANCE,1.0,WARRANT ARREST NON TRAFFIC,0.0,CUSTODY ARREST TRAFFIC WARR,0.0
4530369001.0,FAMILY DISTURBANCE,0.58,BURGLARY OF VEHICLE,0.38,ASSAULT W/INJURY-FAM/DATE VIOL,0.04
4910203511.0,AUTO THEFT,0.52,POSS CONTROLLED SUB/NARCOTIC,0.3,CUSTODY ARREST TRAFFIC WARR,0.12
4910207092.0,DWI,0.74,BURGLARY OF VEHICLE,0.18,CUSTODY ARREST TRAFFIC WARR,0.08
4910203261.0,FAMILY DISTURBANCE,0.96,ASSAULT W/INJURY-FAM/DATE VIOL,0.02,BURGLARY OF VEHICLE,0.02
4530333005.0,BURGLARY OF VEHICLE,1.0,WARRANT ARREST NON TRAFFIC,0.0,THEFT BY SHOPLIFTING,0.0
2090109121.0,HARASSMENT,0.64,CUSTODY ARREST TRAFFIC WARR,0.2,THEFT,0.1
4530424004.0,ASSAULT W/INJURY-FAM/DATE VIOL,0.56,HARASSMENT,0.34,FAMILY DISTURBANCE,0.1
4530460002.0,ASSAULT W/INJURY-FAM/DATE VIOL,0.88,THEFT,0.06,HARASSMENT,0.04
4530428001.0,BURGLARY OF VEHICLE,0.94,AUTO THEFT,0.06,WARRANT ARREST NON TRAFFIC,0.0
4530349001.0,HARASSMENT,0.58,BURGLARY OF VEHICLE,0.4,ASSAULT WITH INJURY,0.02
4910205174.0,AUTO THEFT,0.64,BURGLARY OF VEHICLE,0.26,CRIMINAL MISCHIEF,0.08
4910203542.0,AUTO THEFT,0.64,POSS CONTROLLED SUB/NARCOTIC,0.22,BURGLARY OF VEHICLE,0.14
4530024362.0,HARASSMENT,0.56,CRIMINAL MISCHIEF,0.32,FAMILY DISTURBANCE,0.12
4910203472.0,AUTO THEFT,0.7,CRIMINAL MISCHIEF,0.24,POSS CONTROLLED SUB/NARCOTIC,0.06
4910205112.0,DWI,0.66,ASSAULT W/INJURY-FAM/DATE VIOL,0.26,BURGLARY OF VEHICLE,0.06
4910203561.0,FAMILY DISTURBANCE,1.0,WARRANT ARREST NON TRAFFIC,0.0,CUSTODY ARREST TRAFFIC WARR,0.0
4530444002.0,AUTO THEFT,0.64,HARASSMENT,0.26,FAMILY DISTURBANCE,0.08
4910207071.0,PUBLIC INTOXICATION,0.64,ASSAULT W/INJURY-FAM/DATE VIOL,0.26,BURGLARY OF VEHICLE,0.08
4530315002.0,ASSAULT W/INJURY-FAM/DATE VIOL,0.7,THEFT,0.3,CUSTODY ARREST TRAFFIC WARR,0.0
4910205052.0,HARASSMENT,0.74,FAMILY DISTURBANCE,0.22,BURGLARY OF VEHICLE,0.04
4530427001.0,ASSAULT W/INJURY-FAM/DATE VIOL,0.66,HARASSMENT,0.28,FAMILY DISTURBANCE,0.06
4910205092.0,POSSESSION OF MARIJUANA,0.52,DWI,0.38,BURGLARY OF VEHICLE,0.1
2090108091.0,PUBLIC INTOXICATION,0.66,DISTURBANCE - OTHER,0.2,DWI,0.14
4910215023.0,CRIMINAL MISCHIEF,0.58,DISTURBANCE - OTHER,0.16,POSSESSION OF MARIJUANA,0.16
4910207131.0,DWI,0.92,BURGLARY OF VEHICLE,0.08,WARRANT ARREST NON TRAFFIC,0.0
4910203271.0,CUSTODY ARREST TRAFFIC WARR,0.7,BURGLARY OF VEHICLE,0.22,THEFT,0.08
4530463001.0,CRIMINAL MISCHIEF,0.7,HARASSMENT,0.24,POSSESSION OF MARIJUANA,0.04
4530444001.0,WARRANT ARREST NON TRAFFIC,0.62,AUTO THEFT,0.24,DWI,0.1
4910204092.0,BURGLARY OF VEHICLE,0.76,DWI,0.24,WARRANT ARREST NON TRAFFIC,0.0
4530356001.0,POSS CONTROLLED SUB/NARCOTIC,0.58,BURGLARY OF RESIDENCE,0.38,HARASSMENT,0.04
4530366002.0,BURGLARY NON RESIDENCE,0.6,THEFT,0.28,BURGLARY OF RESIDENCE,0.12
4530371001.0,ASSAULT W/INJURY-FAM/DATE VIOL,0.66,FAMILY DISTURBANCE,0.34,CUSTODY ARREST TRAFFIC WARR,0.0
4530333004.0,BURGLARY NON RESIDENCE,0.72,THEFT,0.28,WARRANT ARREST NON TRAFFIC,0.0
4910203352.0,CRIMINAL MISCHIEF,0.62,CUSTODY ARREST TRAFFIC WARR,0.2,ASSAULT W/INJURY-FAM/DATE VIOL,0.08
4530445001.0,DISTURBANCE - OTHER,0.58,HARASSMENT,0.26,POSSESSION OF MARIJUANA,0.14
4910207102.0,DISTURBANCE - OTHER,0.68,ASSAULT W/INJURY-FAM/DATE VIOL,0.18,BURGLARY OF RESIDENCE,0.1
4530459002.0,ASSAULT W/INJURY-FAM/DATE VIOL,0.88,CUSTODY ARREST TRAFFIC WARR,0.1,HARASSMENT,0.02
4530024531.0,BURGLARY OF VEHICLE,0.86,ASSAULT WITH INJURY,0.08,AUTO THEFT,0.06
4530336001.0,FAMILY DISTURBANCE,0.68,ASSAULT W/INJURY-FAM/DATE VIOL,0.28,CRIMINAL MISCHIEF,0.04
4530350003.0,HARASSMENT,0.62,BURGLARY OF RESIDENCE,0.2,ASSAULT W/INJURY-FAM/DATE VIOL,0.14
4530366003.0,HARASSMENT,0.62,BURGLARY OF VEHICLE,0.26,ASSAULT W/INJURY-FAM/DATE VIOL,0.1
4910204042.0,FAMILY DISTURBANCE,1.0,WARRANT ARREST NON TRAFFIC,0.0,CUSTODY ARREST TRAFFIC WARR,0.0
4910204041.0,FAMILY DISTURBANCE,1.0,WARRANT ARREST NON TRAFFIC,0.0,CUSTODY ARREST TRAFFIC WARR,0.0
4910206061.0,CUSTODY ARREST TRAFFIC WARR,0.66,THEFT,0.18,BURGLARY OF VEHICLE,0.1
4910203212.0,DWI,0.92,CRIMINAL MISCHIEF,0.04,WARRANT ARREST NON TRAFFIC,0.02
4910203333.0,CRIMINAL MISCHIEF,0.76,AUTO THEFT,0.12,BURGLARY OF VEHICLE,0.12
4530443003.0,AUTO THEFT,0.58,DWI,0.36,WARRANT ARREST NON TRAFFIC,0.06
4530470001.0,CRIMINAL MISCHIEF,0.62,ASSAULT WITH INJURY,0.22,BURGLARY OF VEHICLE,0.14
4530462003.0,HARASSMENT,0.84,CRIMINAL MISCHIEF,0.14,THEFT,0.02
4530465001.0,THEFT,0.24,DISTURBANCE - OTHER,0.14,BURGLARY OF VEHICLE,0.12
4910203344.0,DWI,0.94,CRIMINAL MISCHIEF,0.06,WARRANT ARREST NON TRAFFIC,0.0
2090109131.0,CUSTODY ARREST TRAFFIC WARR,0.58,ASSAULT W/INJURY-FAM/DATE VIOL,0.28,POSS CONTROLLED SUB/NARCOTIC,0.06
4910203492.0,CUSTODY ARREST TRAFFIC WARR,0.74,HARASSMENT,0.14,CRIMINAL MISCHIEF,0.08
2090108161.0,HARASSMENT,0.6,FAMILY DISTURBANCE,0.26,ASSAULT W/INJURY-FAM/DATE VIOL,0.08
4910215032.0,HARASSMENT,0.6,POSSESSION OF MARIJUANA,0.26,CRIMINAL MISCHIEF,0.1
4910205151.0,ASSAULT W/INJURY-FAM/DATE VIOL,0.6,THEFT,0.34,BURGLARY OF VEHICLE,0.04
4530464001.0,POSSESSION OF MARIJUANA,0.6,CRIMINAL MISCHIEF,0.36,ASSAULT W/INJURY-FAM/DATE VIOL,0.02
4910204101.0,HARASSMENT,0.62,BURGLARY NON RESIDENCE,0.22,THEFT,0.12
4530424003.0,CUSTODY ARREST TRAFFIC WARR,0.62,THEFT,0.22,CRIMINAL MISCHIEF,0.12
4530019183.0,CUSTODY ARREST TRAFFIC WARR,0.64,BURGLARY OF VEHICLE,0.36,WARRANT ARREST NON TRAFFIC,0.0
219508032.0,ASSAULT W/INJURY-FAM/DATE VIOL,0.94,HARASSMENT,0.04,BURGLARY OF VEHICLE,0.02
4910205034.0,THEFT,0.68,AUTO THEFT,0.22,ASSAULT WITH INJURY,0.06
4530019182.0,HARASSMENT,0.72,THEFT,0.18,BURGLARY OF VEHICLE,0.08
4530460003.0,DWI,0.56,CUSTODY ARREST TRAFFIC WARR,0.24,POSSESSION OF MARIJUANA,0.2
2090109132.0,CUSTODY ARREST TRAFFIC WARR,0.58,ASSAULT W/INJURY-FAM/DATE VIOL,0.28,POSS CONTROLLED SUB/NARCOTIC,0.08
4530469003.0,ASSAULT W/INJURY-FAM/DATE VIOL,0.66,HARASSMENT,0.26,FAMILY DISTURBANCE,0.06
4530340003.0,DISTURBANCE - OTHER,0.64,CUSTODY ARREST TRAFFIC WARR,0.28,HARASSMENT,0.06
4530354001.0,BURGLARY OF RESIDENCE,0.7,HARASSMENT,0.24,POSS CONTROLLED SUB/NARCOTIC,0.06
4530331001.0,FAMILY DISTURBANCE,1.0,WARRANT ARREST NON TRAFFIC,0.0,CUSTODY ARREST TRAFFIC WARR,0.0
4910215172.0,DWI,0.66,ASSAULT W/INJURY-FAM/DATE VIOL,0.24,BURGLARY OF VEHICLE,0.1
4530369002.0,FAMILY DISTURBANCE,0.58,ASSAULT W/INJURY-FAM/DATE VIOL,0.3,BURGLARY OF VEHICLE,0.12
4910215021.0,DISTURBANCE - OTHER,0.54,CRIMINAL MISCHIEF,0.2,BURGLARY OF RESIDENCE,0.14
4910203471.0,DISTURBANCE - OTHER,0.72,DWI,0.18,CRIMINAL MISCHIEF,0.08
219503013.0,ASSAULT W/INJURY-FAM/DATE VIOL,0.74,POSS CONTROLLED SUB/NARCOTIC,0.22,CUSTODY ARREST TRAFFIC WARR,0.02
4530427002.0,FAMILY DISTURBANCE,0.56,ASSAULT W/INJURY-FAM/DATE VIOL,0.38,HARASSMENT,0.06
4530022191.0,ASSAULT WITH INJURY,0.88,ASSAULT W/INJURY-FAM/DATE VIOL,0.06,BURGLARY OF VEHICLE,0.04
4530336003.0,DWI,0.78,CRIMINAL MISCHIEF,0.14,BURGLARY OF VEHICLE,0.08
4530370001.0,THEFT,0.64,ASSAULT WITH INJURY,0.28,CRIMINAL MISCHIEF,0.08
4530426001.0,ASSAULT W/INJURY-FAM/DATE VIOL,0.6,HARASSMENT,0.4,CUSTODY ARREST TRAFFIC WARR,0.0
2090109111.0,THEFT BY SHOPLIFTING,0.92,THEFT,0.08,WARRANT ARREST NON TRAFFIC,0.0
4910205172.0,HARASSMENT,0.56,AUTO THEFT,0.3,BURGLARY NON RESIDENCE,0.1
4910205142.0,ASSAULT W/INJURY-FAM/DATE VIOL,0.9,FAMILY DISTURBANCE,0.06,BURGLARY OF RESIDENCE,0.02
219503031.0,ASSAULT W/INJURY-FAM/DATE VIOL,0.94,HARASSMENT,0.04,POSS CONTROLLED SUB/NARCOTIC,0.02
4910203461.0,ASSAULT WITH INJURY,0.56,CRIMINAL MISCHIEF,0.22,THEFT,0.1
4910207012.0,CUSTODY ARREST TRAFFIC WARR,0.78,DWI,0.22,WARRANT ARREST NON TRAFFIC,0.0
219508043.0,ASSAULT W/INJURY-FAM/DATE VIOL,0.76,HARASSMENT,0.18,BURGLARY OF VEHICLE,0.06
4530469002.0,POSSESSION OF MARIJUANA,0.66,DWI,0.2,CUSTODY ARREST TRAFFIC WARR,0.12
4910205051.0,HARASSMENT,0.74,BURGLARY OF VEHICLE,0.18,FAMILY DISTURBANCE,0.08
4910207111.0,ASSAULT W/INJURY-FAM/DATE VIOL,0.66,DISTURBANCE - OTHER,0.2,BURGLARY OF RESIDENCE,0.1
4530462001.0,HARASSMENT,0.7,THEFT,0.24,CRIMINAL MISCHIEF,0.06
4910205032.0,BURGLARY OF VEHICLE,0.62,THEFT,0.36,HARASSMENT,0.02
4910203521.0,ASSAULT WITH INJURY,0.7,FAMILY DISTURBANCE,0.18,ASSAULT W/INJURY-FAM/DATE VIOL,0.08
4530461001.0,THEFT,0.7,HARASSMENT,0.24,CRIMINAL MISCHIEF,0.04
4530468002.0,ASSAULT WITH INJURY,0.66,HARASSMENT,0.18,BURGLARY OF VEHICLE,0.1
